/*M!999999\- enable the sandbox mode */ 
-- MariaDB dump 10.19-11.7.2-MariaDB, for Win64 (AMD64)
--
-- Host: localhost    Database: yomikai
-- ------------------------------------------------------
-- Server version	11.7.2-MariaDB-ubu2404

/*!40101 SET @OLD_CHARACTER_SET_CLIENT=@@CHARACTER_SET_CLIENT */;
/*!40101 SET @OLD_CHARACTER_SET_RESULTS=@@CHARACTER_SET_RESULTS */;
/*!40101 SET @OLD_COLLATION_CONNECTION=@@COLLATION_CONNECTION */;
/*!40101 SET NAMES utf8mb4 */;
/*!40103 SET @OLD_TIME_ZONE=@@TIME_ZONE */;
/*!40103 SET TIME_ZONE='+00:00' */;
/*!40014 SET @OLD_UNIQUE_CHECKS=@@UNIQUE_CHECKS, UNIQUE_CHECKS=0 */;
/*!40014 SET @OLD_FOREIGN_KEY_CHECKS=@@FOREIGN_KEY_CHECKS, FOREIGN_KEY_CHECKS=0 */;
/*!40101 SET @OLD_SQL_MODE=@@SQL_MODE, SQL_MODE='NO_AUTO_VALUE_ON_ZERO' */;
/*M!100616 SET @OLD_NOTE_VERBOSITY=@@NOTE_VERBOSITY, NOTE_VERBOSITY=0 */;

--
-- Table structure for table `Manga`
--

DROP TABLE IF EXISTS `Manga`;
/*!40101 SET @saved_cs_client     = @@character_set_client */;
/*!40101 SET character_set_client = utf8mb4 */;
CREATE TABLE `Manga` (
  `id` int(11) NOT NULL AUTO_INCREMENT,
  `title` varchar(50) NOT NULL,
  `status` varchar(50) NOT NULL,
  `description` text DEFAULT NULL,
  `author` varchar(100) DEFAULT NULL,
  `genre` varchar(100) DEFAULT NULL,
  `coverImage` varchar(255) DEFAULT NULL,
  `publication_year` datetime(3) DEFAULT NULL,
  PRIMARY KEY (`id`)
) ENGINE=InnoDB AUTO_INCREMENT=58 DEFAULT CHARSET=utf8mb4 COLLATE=utf8mb4_uca1400_ai_ci;
/*!40101 SET character_set_client = @saved_cs_client */;

--
-- Dumping data for table `Manga`
--

LOCK TABLES `Manga` WRITE;
/*!40000 ALTER TABLE `Manga` DISABLE KEYS */;
INSERT INTO `Manga` VALUES
(2,'Alice in Murderland','Collection incomplète','Le Tea Party des fous...\r\nPour les membres de la prestigieuse maison Kuonji, une famille dont le nom exerce une influence immense à travers le monde, cette réunion mensuelle est la seule véritable tradition familiale – obligatoire, qui plus est. Mais cette fois-ci, ce rassemblement apporte une nouvelle aussi inattendue qu’horrible aux neuf frères et sœurs Kuonji, directement annoncée par leur mère, Olga : pour devenir le prochain chef de leur illustre lignée, ils devront s’affronter... jusqu’à la mort !\r\n\r\nAlors que le chaos éclate, Stella, la quatrième fille, perd pied. Et soudain, une toute nouvelle Stella fait son apparition : blonde, vêtue d’une robe bleue... et très différente.','Kaori Yuki','Action, Drame, Fantastique, Mystère','/uploads/mangas/covers/2-1751643252367.jpg',NULL),
(4,'Berserk','Collection incomplète','Guts, le guerrier noir, promène son imposante silhouette de routes en villages. Sur son passage, les cadavres s\'amoncellent et il laisse derrière lui des torrents de sang. Le corps vêtu de noir, il porte sur son dos une épée aussi haute qu\'un homme. Sur son cou, une marque mystérieuse le condamne à être poursuivi jour et nuit par des démons. Puck, l\'elfe facétieux, croise un jour le chemin de cette machine à tuer. Quelles horreurs a-t-il pu connaître pour être animé d\'une telle soif de vengeance ? Alors que le monde sombre inextricablement dans le chaos, Guts règle ses comptes avec les forces démoniaques qui resserrent leur emprise sur la destinée des hommes. Une époque s\'achève... Au fil des années, « Berserk » est devenu au Japon u n classique de l\'heroic fantasy. Kentarô Miura y déploie ses talents de scénariste et son imagination débordante. La série abonde de scènes d\'anthologies et baigne dans une violence implacable : pas étonnant que « Berserk » soit devenu une référence pour les amoureux de Tolkien et de jeux de rôles.','Kentarou Miura','Action, Adventure, Drama, Fantasy, Horror, Psychological','/uploads/mangas/covers/4-1751643252577.jpg',NULL),
(5,'Cube Arts','Collection complète','Elève en classe de seconde, Takuto est invité à essayer la version bêta de Cube arts, un nouveau jeu vidéo en 3D auquel seuls les lycéens japonais ont pour l\'instant accès. Grâce à un casque de réalité virtuelle, il s\'immerge dans un monde entièrement constitué de cubes. Mais à la suite d\'un bug, Takuto et ses camarades se retrouvent coincés dans le jeu.','Tomomi Usui','Aventure Sci-Fi','/uploads/mangas/covers/5-1751643252669.jpg',NULL),
(6,'Tokyo Ghoul','Collection complète','À Tokyo, sévissent des goules, monstres cannibales se dissimulant parmi les humains pour mieux s\'en nourrir. Étudiant timide, Ken Kaneki est plus intéressé par la jolie fille qui partage ses goûts pour la lecture que par ces affaires sordides, jusqu\'au jour où il se fait attaquer par l\'une de ces fameuses créatures.','Sui Ishida','Action Horror Mystery Psychological Supernatural','/uploads/mangas/covers/6-1751643252711.jpg',NULL),
(7,'Tokyo Ghoul:Re','Collection complète','Quand la proie devient chasseur…\r\n\r\nElles se fondent dans la foule pour mieux se nourrir de chair humaine. Elles ressemblent aux hommes, mais leur existence est bien différente… Elles sont appelées “goules”.\r\n\r\nLe CCG, une organisation gouvernementale chargée d’étudier et de combattre les goules, met sur pied un nouveau groupe pour répondre aux exigences de sa mission. Cette unité est exclusivement composée de sujets expérimentaux… Leur nom, les “Quinckes”.\r\n\r\nCe groupe atypique a pour mentor un jeune inspecteur de première classe, Haise Sasaki. Ensemble, ils seront vite happés par l’immense métropole de Tokyo, dont les méandres cachent parfois des visages familiers','Sui Ishida','Action Drama Horror Mystery Psychological Supernatural','/uploads/mangas/covers/7-1751643252758.jpg',NULL),
(8,'Death Note','Collection incomplète','Light Yagami ramasse un étrange carnet oublié dans la cour de son lycée.\r\n\r\nSelon les instructions du carnet, la personne dont le nom est écrit dans les pages du Death Note mourra dans les 40 secondes !! Quelques jours plus tard, Light fait la connaissance de l\'ancien propriétaire du carnet : Ryûk, un dieu de la mort ! Poussé par l\'ennui, il a fait entrer le carnet sur terre. Ryûk découvre alors que Light a déjà commencé à remplir son carnet...','Tsugumi Ooba/Takeshi Obata','Drame, Psychologique, Surnaturel','/uploads/mangas/covers/8-1751643252804.jpg',NULL),
(9,'Tokyo Revengers','Collection complète','Alors que Takemichi, 26 ans, fait le bilan de sa vie ratée, entre petits boulots, appartement miteux et désert affectif, il apprend qu\'Hinata, la seule personne qu\'il ait jamais aimée, s\'est fait assassiner lors d\'un règlement de comptes entre les membres du gang Tokyo Manji-Kai. Choqué, il a un accident et se retrouve projeté douze ans en arrière. Il décide de tout faire pour empêcher le meurtre.','Ken Wakui','Action Drama Romance Supernatural','/uploads/mangas/covers/9-1751643252866.jpg',NULL),
(10,'The Quintessential Quintuplets','Collection complète','Fûtarô, un lycéen brillant mais fauché, décroche un petit boulot de rêve : professeur particulier pour une famille fortunée. Or, le garçon déchante lorsqu’il réalise que ce n’est pas un élève qu’il va devoir gérer, mais des quintuplées aussi belles que cancres à souhait…\r\n\r\nEntre Ichika la désordonnée, Nino la protectrice, Miku la réservée, Yotsuba la joviale et Itsuki la susceptible, Fûtarô va devoir prendre son courage à deux mains pour relever le défi que représentent les sœurs Nakano !','Negi Haruba','Comedy Drama Romance','/uploads/mangas/covers/10-1751643252905.jpg',NULL),
(11,'Dr. STONE','Collection incomplète','Résumé Un jour, une lumière éclaira la Terre, changeant tous les humains en pierre. Ainsi, l\'humanité s\'éteignit. Plusieurs millénaires plus tard, Taiju parvient à s\'échapper de son enveloppe de pierre pour découvrir un monde dans lequel la nature a repris ses droits','Riichirou Inagaki/Boichi','Action Adventure Comedy Sci-Fi','/uploads/mangas/covers/11-1751643252946.jpg',NULL),
(12,'The Promised Neverland','Collection complète','Emma, Norman et Ray coulent des jours heureux à l’orphelinat Grace Field House. Entourés de leurs petits frères et soeurs, ils s’épanouissent sous l’attention pleine de tendresse de « Maman »,qu’ils considèrent comme leur véritable mère. Mais tout bascule le soir où ils découvrent l’abominable réalité qui se cache derrière la façade de leur vie paisible ! Ils doivent s’échapper, c’est une question de vie ou de mort !','Kaiu Shirai/Posuka Demizu','Drama Fantasy Horror Mystery Psychological Thriller','/uploads/mangas/covers/12-1751643252994.jpg',NULL),
(13,'Mushoku Tensei','Collection incomplète','Ayant le moral au plus bas, il pense au suicide. Jusqu\'au jour où il aperçoit une ancienne camarade de classe sur le point de se faire renverser. D\'un geste héroïque, il la pousse et se fait renverser à sa place. Suite à ça, il meurt puis se retrouve réincarné dans un monde fantaisiste.','Rifujin na Magonote/ Yuka Fujikawa','Adventure Drama Ecchi Fantasy','/uploads/mangas/covers/13-1751643253063.jpg',NULL),
(14,'L\'attaque Des Titans','Collection complète','Le monde appartient désormais aux Titans, des êtres gigantesques qui ont presque décimé l’Humanité. Voilà une centaine d’années, les derniers rescapés ont bâti une place forte, une cité cernée d’une haute muraille au sein de laquelle vivent aujourd’hui leurs descendants. Parqués, ignorants tout du monde extérieur, ils s’estiment au moins à l’abri de ces effroyables êtres qui ne feraient d’eux qu’une bouchée. Hélas, cette illusion de sécurité vole en éclats le jour où surgit un Titan démesuré, encore bien plus colossal que tous les autres. S’engage alors un combat désespéré pour la survie du genre humain…','Hajime Isayama','Action Drame Fantasy Surnaturel','/uploads/mangas/covers/14-1751643253114.jpg',NULL),
(15,'Darwin\'s Game','Collection complète','\"Le joueur Kyoda demande votre aide ! Rejoignez vous aussi le Darwin\'s Game et volez à son secours !\' La vie de Sudo Kaname bascule le jour où ces quelques mots a priori inoffensifs s\'affichent sur son portable. Il a le malheur d\'accepter l\'invitation. Aussitôt mordu au cou par un serpent virtuel surgi de l\'écran, il est désormais l\'esclave d\'un jeu impitoyable, le Darwin\'s Game, véritable arène urbaine dans laquelle des participants interconnectés via un réseau social s\'affrontent dans des duels à mort. Très vite, le lycéen doit se rendre à l\'évidence : même s\'il essaie de se soustraire au jeu, ses adversaires, attirés par l\'appât du gain et le frisson du combat, sont prêts à tout pour le retrouver... Entre Gantz et Battle Royale, un thriller décapant sur fond de bataille urbaine 2.0 !','FLIPFLOPs','Action, Mystery','/uploads/mangas/covers/15-1751643253164.jpg',NULL),
(16,'My Hero Academia','Collection incomplète','Dans un monde où 80 % de la population possède un super-pouvoir appelé alter, les héros font partie de la vie quotidienne. Et les super-vilains aussi ! Face à eux se dresse l’invincible All Might, le plus puissant des héros ! Le jeune Izuku Midoriya en est un fan absolu. Il n’a qu’un rêve : entrer à la Hero Academia pour suivre les traces de son idole.\r\nLe problème, c’est qu’il fait partie des 20 % qui n’ont aucun pouvoir…\r\n\r\nSon destin est bouleversé le jour où sa route croise celle d’All Might en personne ! Ce dernier lui offre une chance inespérée de voir son rêve se réaliser. Pour Izuku, le parcours du combattant ne fait que commencer !\r\n\r\nLa nouvelle génération de super-héros du Shonen Jump débarque enfin !','Kouhei Horikoshi','Action Adventure Comedy Drama Fantasy','/uploads/mangas/covers/16-1751643253215.jpg',NULL),
(17,'Spy x Family','Collection incomplète','Twilight, le plus grand espion du monde, doit pour sa nouvelle mission créer une famille de toutes pièces afin de pouvoir s’introduire dans la plus prestigieuse école de l’aristocratie. Totalement dépourvu d’expérience familiale, il va adopter une petite fille en ignorant qu’elle est télépathe, et s’associer à une jeune femme timide, sans se douter qu’elle est une redoutable tueuse à gages. Ce trio atypique va devoir composer pour passer inaperçu, tout en découvrant les vraies valeurs d’une famille unie et aimante.','Tatsuya Endou','Action Comedy Slice of Life Supernatural','/uploads/mangas/covers/17-1751643253262.jpg',NULL),
(18,'Goblin Slayer','Collection incomplète','Une jeune prêtresse rejoint son tout premier groupe d\'aventuriers, mais elle se retrouve presque immédiatement confrontée à des horreurs indicibles. Sauvée par un guerrier énigmatique connu sous le nom de Goblin Slayer, elle s\'associe à son sauveur dans sa mission : exterminer tous les gobelins, par tous les moyens nécessaires. Alors que des rumeurs sur les exploits de Goblin Slayer commencent à se répandre, nul ne sait qui viendra frapper à sa porte ensuite...','Kumo Kagyuu/Kousuke Kurose','Action Aventure Drame Fantastique','/uploads/mangas/covers/18-1751643253301.jpg',NULL),
(19,'Made in Abyss','Collection incomplète','Au pied de la ville d\'Orse s\'étend l\'Abysse, une faille gigantesque à la profondeur inconnue habitée par d\'étranges créatures et emplie d\'antiques reliques. Depuis des années, ce gouffre attire de nombreux aventuriers séduits par l\'aura de mystère qui l\'entoure et qui se font appeler « les caverniers ». C\'est ici que vit Rico, une jeune orpheline obsédée par l\'Abysse et désirant marcher dans les traces de sa mère qui y a disparu. Un jour, en prospectant, Rico découvre le corps inanimé d\'un jeune garçon. Elle est alors loin d\'imaginer à quel point cette découverte va changer sa vie et accélérer son destin.','Akihito Tsukushi','Adventure Drama Fantasy Horror Sci-Fi','/uploads/mangas/covers/19-1751643253352.jpg',NULL),
(20,'One-Punch Man','Collection incomplète','Saitama est un jeune homme sans emploi et sans réelle perspective d\'avenir, jusqu\'au jour ou il décide de prendre sa vie en main. Son nouvel objectif : devenir un super-héros. Il s\'entraîne alors sans relâche pendant trois ans et devient si puissant qu\'il est capable d\'éliminer ses adversaires d\'un seul coup de poing. On le surnomme désormais One-Punch Man. Mais rapidement, l\'euphorie du succès cède place à l\'ennui, car lorsqu\'on est si fort, les victoires perdent de leur saveur...','ONE/Yuusuke Murata','Action Comedy Sci-Fi Supernatural','/uploads/mangas/covers/20-1751643253407.jpg',NULL),
(21,'Bleach','Collection incomplète','Adolescent de quinze ans, Ichigo Kurosaki possède un don particulier : celui de voir les esprits. Un jour, il croise la route d\'une belle Shinigami (un être spirituel) en train de pourchasser une \"âme perdue\", un esprit maléfique qui hante notre monde et n\'arrive pas à trouver le repos.Mise en difficulté par son ennemi, la jeune fille décide alors de prêter une partie de ses pouvoirs à Ichigo, mais ce dernier hérite finalement de toute la puissance du Shinigami. Contraint d\'assumer son nouveau statut, Ichigo va devoir gérer ses deux vies : celle de lycéen ordinaire, et celle de chasseur de démons... Bleach est l\'oeuvre d\'un mangaka prometteur, Taito Kubo, et le dernier succès des Editions Shueisha. Manga d\'action au rythme trépidant, au graphisme soigné et à l\'intrigue palpitante, Bleach est la nouvelle bonne surprise du manga au pays du Soleil Levant.','Tite Kubo','Aventure, Action','/uploads/mangas/covers/21-1751643253452.jpg',NULL),
(22,'Mashle','Collection complète','Dans une société où la magie fait partie intégrante et définit jusqu’au rang social, les personnes sans pouvoir n’ont pas leur place. C’est le cas de notre héros ! Élevé en cachette par son père adoptif, Mash aurait dû être tué à la naissance. Docile et un peu naïf, le jeune garçon a vécu tout en cachant son secret… Mais un jour, il finit par être découvert ! Sa survie dépend désormais de sa capacité à décrocher le titre d’“Élu Divin” la distinction la plus convoitée au sein de l’Académie Easton…','Hajime Koumoto','Action Comedy Fantasy','/uploads/mangas/covers/22-1751643253491.jpg',NULL),
(23,'One Piece','Collection incomplète','Nous sommes à l\'ère des pirates. Luffy, un garçon espiègle, rêve de devenir le roi des pirates en trouvant le \"One Piece\", un fabuleux trésor. Par mégarde, Luffy a avalé un jour un fruit démoniaque qui l\'a transformé en homme caoutchouc. Depuis, il est capable de contorsionner son corps élastique dans tous les sens, mais il a perdu la faculté de nager. Avec l\'aide de ses précieux amis, dont le fidèle Shanks, il va devoir affronter de redoutables pirates dans des aventures toujours plus rocambolesques.','Eiichirou Oda','Action Adventure Comedy Fantasy','/uploads/mangas/covers/23-1751643253539.jpg',NULL),
(24,'Seven Deadly Sins','Collection incomplète','La princesse Elizabeth est prête à tout pour retrouver la légendaire bande de mercenaires connue sous le nom de Seven Deadly Sins. À ses yeux, eux seuls ont le pouvoir d’arracher le royaume de Britannia des mains des surpuissants Chevaliers Sacrés qui sèment la terreur ! Sa rencontre avec Meliodas, un garçon à la force exceptionnelle, et Hawk, son cochon, va marquer le début d’une aventure riche en rebondissements, où magie et combats sont au rendez-vous !\r\n\r\nPlonge dans cette épopée chevaleresque dans la plus pure tradition de l’heroic fantasy !','Nakaba Suzuki','Action Adventure Fantasy','/uploads/mangas/covers/24-1751643253589.jpg',NULL),
(25,'Demon Slayer','Collection incomplète','Début du XXe siecle au Japon, un petit marchand de charbon nommé Tanjiro vit une vie sans histoire dans les montagnes. Jusqu’au jour tragique où, après une courte absence, il retrouve son village et sa famille massacrés par un ogre ! La seule survivante de cette tragédie est sa jeune sœur Nezuko. Hélas, au contact de la bête, celle-ci s’est à son tour métamorphosée en monstre... Afin de renverser le processus et de venger sa famille, Tanjiro décide de partir en quête de vérité. Pour le jeune héros et sa sœur, c’est une longue aventure de sang et d’acier qui commence !','Koyoharu Gotouge','Action Adventure Drama Supernatural','/uploads/mangas/covers/25-1751643253636.jpg',NULL),
(26,'Edens Zero','Collection incomplète','Rebecca, jeune B-Cubeuse en quête de millions de vues sur sa chaîne, et Happy, son chat bleu, débarquent sur l’île de Granbell, réputée pour son gigantesque parc d’attractions géré uniquement par des robots ! Ils rencontrent toutefois un humain, le seul de l’île : Shiki, un jeune garçon un brin sauvage qui rêve d’autres horizons. C’est alors que les employés mécaniques se montrent menaçants à l’égard des humains…','Hiro Mashima','Action Adventure Comedy Ecchi Fantasy Sci-Fi','/uploads/mangas/covers/26-1751643253680.jpg',NULL),
(27,'Jagaaaaaan','Collection incomplète','Shintarô Jagasaki travaille comme agent dans un petit poste de police. Il vit avec sa petite amie, s’imagine déjà marié et père de famille... mais cette perspective d’avenir ne le réjouit pas particulièrement. Un jour, il tombe nez à nez avec un mutant chaotique et dévastateur ! C’est alors que la main droite de Shintarô se métamorphose...\r\n\r\nAu beau milieu de la destruction et du désespoir, un nouveau héros au côté sombre vient de se révéler !','Muneyuki Kaneshiro/Kensuke Nishida','Action Drama Horror Mystery Supernatural','/uploads/mangas/covers/27-1751643253722.jpg',NULL),
(28,'Time Shadows','Collection incomplète','Shinpei est de retour sur son île natale pour assister aux funérailles de son amie d\'enfance, Ushio, décédée accidentellement en mer. Il se rend vite compte que quelque chose ne tourne pas rond... Certaines personnes agissent bizarrement. Et s\'il s\'agissait d\'une mort accidentelle, pourquoi une autopsie du corps d\'Ushio a-t-elle été ordonnée ? Mais avant de pouvoir vraiment enquêter, Shinpei est assassiné par un sosie d\'Ushio. Et voilà qu\'il se réveille sur le bateau qui le conduit à l\'île pour assister à l\'enterrement d\'Ushio...! Il semble avoir remonté le temps... Parviendra-t-il à comprendre ce qui se passe et à l\'enrayer avant qu\'il ne soit trop tard ?','Yasuki Tanaka','Action Drama Mystery Supernatural Thriller','/uploads/mangas/covers/28-1751643253769.jpg',NULL),
(29,'Sun-Ken Rock','Collection incomplète','Kitano Ken, un jeune Japonais, débarque à Séoul avec un seul but : devenir agent de police comme Yumin, la fille qu’il aime. C’est le début pour lui d’une succession de galères... Alors qu’il pleure son désespoir au comptoir d’un resto ambulant, des mafieux s’en prennent au patron. Le sang de Ken ne fait qu’un tour et les coups pleuvent ! Ce que Ken ignore, c’est que Tae-soo, le boss d’un gang de quartier, a apprécié sa réaction et son ardeur au combat. Il compte bien l’enrôler. Bastons, jolies femmes et costards de marque : pour Ken, c’est le début d’une nouvelle vie mouvementée et pleine d’humour !','Boichi','Action Comedy Drama Ecchi','/uploads/mangas/covers/29-1751643253810.jpg',NULL),
(30,'Your Name','Collection complète','Mitsuha et Taki n’ont rien en commun, et pourtant, le temps d’un rêve, chacun prend la place de l’autre… Taki, le citadin tokyoïte, doit tant bien que mal apprendre à vivre dans le corps d’une fille et s’adapter au quotidien calme et rangé de Mitsuha. Et qu’en est-il de Tessie, l’ami de la jeune fille, qui doit se créer un avenir dans cette campagne fuie par les jeunes ?','Makoto Shinkai','Drama Romance Supernatural','/uploads/mangas/covers/30-1751643253851.jpg',NULL),
(31,'Néo Parasyte','Collection complète','Voici la traduction en français de la liste des mangas hommage à Kiseijuu (ou Parasyte), composés d’histoires originales par divers mangaka :\r\n\r\nÀ la porte de Yura (由良の門を) [Hagio Moto] ; Afternoon 2016-05\r\n\r\nCe soir aussi, Eat It (今夜もEat it) [Oota Moare] ; 2016-04\r\n\r\nBaba a des regrets (ババ後悔す) [Takeya Takayuki] ; 2016-05\r\n\r\nParagant (PARAGANT) [Nirasawa Yasushi] ; 2015-01\r\n\r\nLucy et Miggy (ルーシィとミギー) [Mashima Hiro] ; 2015-10\r\n\r\nApprenez-nous, Professeure Ryouko Tamiya ! (教えて！田宮良子先生) [PEACH-PIT] ; 2015-07\r\n\r\nL’original (変わりもの) [Kumakura Takatoshi] ; 2015-06\r\n\r\nSoldat parfait (PERFECT SOLDIER) [Minagawa Ryouji] ; 2015-05\r\n\r\nLe voyage de Miggy (ミギーの旅) [Ueshiba Riichi] ; 2015-04\r\n\r\nComestible (EDIBLE) [Endou Hiroki] ; 2015-02\r\n\r\nParasite !! Ekoda-chan (寄生!! 江古田ちゃん) [Takinami Yukari] ; 2014-12\r\n\r\nAgo Nashi Gen et moi, nous sommes des parasites (アゴなしゲンとオレは寄生獣) [Hiramoto Akira] ; 2014-11','Ryouji Minagawa/ Hiro Mashima/PEACH‐PIT','Action Horror Sci-Fi','/uploads/mangas/covers/31-1751643253898.jpg',NULL),
(32,'Atlantid','Collection complète','À Londres, en 1882, une femme gravement blessée tente d’échapper à une mystérieuse organisation en protégeant un artefact d’une puissance inouïe : un anneau aux propriétés inconnues. Mais alors qu’elle cherche à le mettre en sécurité, une bande de jeunes voleurs le lui dérobe. Inconsciente, elle est recueillie par les membres de la bande, qui la soignent.\r\n\r\nParmi eux se trouve Sari, un adolescent sans aucun souvenir de sa vie avant que la bande ne l’ait trouvé, cinq ans plus tôt. L’anneau finit entre ses mains — et lorsqu’il l’enfile pour échapper à un assaut de l’organisation, un pouvoir extraordinaire se libère. Mais une fois porté, l’anneau semble impossible à retirer.\r\n\r\nLa femme, désormais rétablie, exige que Sari l’accompagne dans son propre camp pour en apprendre davantage sur l’objet... et sur lui-même. Qui est vraiment Sari ? Pourquoi l’anneau l’a-t-il choisi ? Et que cherche réellement cette organisation qui les traque sans relâche ?\r\n\r\nEntre poursuites haletantes, secrets enfouis et technologies en avance sur leur temps, le destin de Sari pourrait bien changer l’avenir du monde.','Hidenori Yamaji','Action, Mystère et Science-Fiction','/uploads/mangas/covers/32-1751643253945.jpg',NULL),
(33,'To Your Eternity','Collection incomplète','Un être immortel a été envoyé sur Terre. Il rencontre d\'abord un loup puis un jeune garçon vivant seul au milieu d\'un paysage enneigé. Ainsi commence le voyage de l\'Immortel, un voyage fait d\'expériences et de rencontres dans un monde implacable...','Yoshitoki Ooima','Adventure Drama Fantasy Psychological Supernatural','/uploads/mangas/covers/33-1751643254001.jpg',NULL),
(34,'Je suis un assassin','Collection incomplète','Appelé avec ses camarades de classe dans un autre monde, Akira Oda se voit attribuer les caractéristiques d’un banal assassin du fait de sa discrétion. Mais ses compétences vont se révéler bien plus grandes que celles d’un héros.\r\n\r\n\r\nTrès vite, Akira commence à avoir des doutes sur le roi qui les a fait venir dans cet autre monde et il va devoir mettre en pratique ses compétences d’assassin pour élucider le mystère… et découvrir la conspiration qui est en train de se tramer !','Matsuri Akai','Action Adventure Fantasy','/uploads/mangas/covers/34-1751643254043.jpg',NULL),
(35,'Fire Force','Collection incomplète','L’humanité est terrifiée par le phénomène de combustion humaine. Des brigades spéciales Fire Force ont donc été mises en place avec pour mission de trouver la cause de ce mystérieux phénomène !\r\n\r\nLe jeune Shinra, nouvelle recrue surnommée le Démon, rêve de devenir un héros. Mais le chemin sera long et il devra, avec ses camarades, apprendre à affronter quotidiennement des Torches humaines !!','Atsushi Ookubo','Action Drama Sci-Fi Supernatural','/uploads/mangas/covers/35-1751643254086.jpg',NULL),
(36,'Food Wars','Collection incomplète','Sôma a grandi dans les cuisines d\'un petit restaurant traditionnel tenu par son père. Il s\'entraîne, jour après jour, pour prendre sa succession à la tête du restaurant familial ! Son quotidien est soudainement bouleversé quand son père accepte un poste dans un palace new yorkais.','Yuki Morisaki/Yuuto Tsukuda','Comedy Drama Ecchi','/uploads/mangas/covers/36-1751643254130.jpg',NULL),
(37,'Oshi no Ko','Collection incomplète','Le docteur Gorô est obstétricien dans un hôpital de campagne. Il est loin du monde de paillettes dans lequel évolue Ai Hoshino, une chanteuse au succès grandissant dont il est \"un fan absolu\". Ces deux-là vont peut-être se rencontrer dans des circonstances peu favorables, mais cet événement changera leur vie à jamais !','Aka Akasaka/Mengo Yokoyari','Drama Mystery Psychological Supernatural','/uploads/mangas/covers/37-1751643254179.jpg',NULL),
(38,'Toilet-Bound Hanako-kun','Collection incomplète','Nene Yashiro est une jeune fille fan de superstitions et d\'affaires occultes. Elle aimerait bien sortir avec un camarade plus vieux pour qui elle a un faible. Elle décide alors de voir si la légende dit vrai et invoque Hanako. Mais une malédiction s\'abat sur elle, et elle se retrouve transformée en poisson.','AidaIro','Action Comedy Drama Mystery Romance Supernatural','/uploads/mangas/covers/38-1751643254233.jpg',NULL),
(39,'Frieren','Collection incomplète','Le jeune héros Himmel et ses compagnons, l\'elfe Frieren, le nain Eisen et le prêtre Heiter, rentrent victorieux de leur combat contre le roi des démons. Au bout de dix années d\'efforts, ils ont ramené la paix dans le royaume. Il est temps pour eux de retrouver une vie normale… Difficile à imaginer après tant d\'aventures en commun ! Frieren, elle, ne semble guère touchée par la séparation. Pour la magicienne à la longévité exceptionnelle, une décennie ne pèse pas lourd. Elle reprend la route en solo et promet de retrouver ses camarades un demi-siècle plus tard. Elle tient parole… mais ces retrouvailles sont aussi les derniers instants passés avec Himmel, devenu un vieillard qui s\'éteint paisiblement sous ses yeux. Frieren est sous le choc… La vie des humains est si courte ! L\'elfe a beau être experte en magie, il lui reste encore un long chemin à parcourir pour comprendre la race humaine… Son nouvel objectif : s\'initier aux arcanes du cœur !','Kanehito Yamada/Tsukasa Abe','Adventure Drama Fantasy','/uploads/mangas/covers/39-1751643254277.jpg',NULL),
(40,'Violence Action','Collection incomplète','Kei Kikuno est étudiante et comme beaucoup de ses camarades, elle subvient à ses besoins grâce à un petit boulot. Sauf que sa vie n\'a pas grand-chose à voir avec celle des jeunes de son âge… Son job : tueuse à gages. La numéro 1 du milieu. Sous ses airs de fille un peu dans la lune, Kei est rapide, agile, surentraînée et honore toujours ses contrats, sans qu\'on se méfie d\'elle. Un jour, un homme singulier appelé \"le doc\" fait appel à ses services pour venger sa femme et sa fille assassinées par un clan de yakuzas…','Daisuke Muroi/Renji Asai','Action Comedy Drama Thriller','/uploads/mangas/covers/40-1751643254321.jpg',NULL),
(41,'Colocataires à leur manière','Collection incomplète','Auteur d\'histoires policières, Subaru Mikazuki se distingue par sa nature introvertie et misanthrope. En effet, considérant les gens comme une source de nuisance dans son processus d\'imagination et de création, il fait tout pour éviter de sortir de chez soi et d\'avoir des contacts humains. Un jour, il tombe sur un chat errant qui déclenche un éclair d\'inspiration pour le nouveau roman qu\'il doit écrire. Il décide alors de l\'adopter et de l\'appeler Haru. C\'est en observant son comportement énigmatique qu\'il développe petit à petit l\'intrigue de son histoire. Ces deux personnages attachants nous partagent le bonheur de leur nouvelle vie à deux, chacun à travers leur point de vue !','MINATSUKI Tsunami/FUTATSUYA Asu','Tranche-de-vie, Animaux','/uploads/mangas/covers/41-1751643254359.jpg',NULL),
(42,'Otaku Otaku','Collection incomplète','Narumi Momose n’a pas eu la vie facile : tous ses petits amis l’ont quittée dès qu’ils découvraient qu’elle était une otaku, alors elle a toujours fait de gros efforts pour le cacher. Mais lorsqu’elle tombe par hasard sur son ami d’enfance — également otaku et désormais collègue — Hirotaka Nifuji dans sa nouvelle entreprise, elle est à deux doigts de voir son secret révélé au travail. Elle élabore alors un plan pour s’assurer qu’il ne dira jamais rien. Mais Hirotaka lui fait une contre-proposition : pourquoi ne sortirait-elle pas simplement avec lui ?\r\nEn amour, il n’y a pas','Fujita','Comedy Romance Slice of Life','/uploads/mangas/covers/42-1751643254399.jpg',NULL),
(43,'Moi, quand je me reincarne en slime','Collection incomplète','Comme le savent les joueurs de Monster Hunter et Donjons & Dragons, le slime n’est pas exactement le roi des monstres fantastiques. Alors, quand un salarié de 37 ans vivant à Tokyo meurt et se réveille dans un monde peuplé de dragons et de magie, il est un peu déçu de découvrir qu’il est devenu un monstre slime aveugle et sans os.','Taiki Kawakami','Action Adventure Comedy Fantasy','/uploads/mangas/covers/43-1751643254447.jpg',NULL),
(44,'Time paradox ghost writer','Collection complète','Teppei Sasaki est un jeune auteur de manga qui rêve d\'être publié dans le Weekly Shônen Jump. Depuis des années, il multiplie les efforts afin d\'atteindre son but, mais en vain. Tous les projets qu\'il propose sont refusés les uns après les autres. Il sombre peu à peu dans le désespoir. C\'est alors qu\'il découvre dans son micro-ondes un exemplaire du magazine Jump censé paraître dix ans plus tard, avec en couverture une série de génie ! Cet étrange événement va changer radicalement le cours de sa vie…','Kenji Ichima/Tsunehiro Date','Drama Mystery Sci-Fi','/uploads/mangas/covers/44-1751643254493.jpg',NULL),
(45,'The Eminence in Shadow','Collection incomplète','Cid est un garçon qui rêve de faire son entrée dans le club ultra-restreint des Éminences de l\'ombre, des personnages mystérieux qui influencent le cours des événements depuis les coulisses et qui possèdent d\'incroyables pouvoirs. Lorsqu\'il est propulsé dans un monde parallèle à la suite d\'un accident, il décide de tirer profit de ce nouveau départ et d\'échafauder de toutes pièces une histoire dont il s\'attribue, en secret, le rôle principal de future Éminence de l\'ombre. Il va même jusqu\'à recruter des agents parmi les jeunes filles de son entourage et les abreuve de mensonges pour s\'assurer de leur coopération… Seulement, Cid ne se rend pas compte qu\'au fur et à mesure, ses boniments prennent une dimension bien réelle ! C\'est le début d\'une épopée qui fait la part belle aux malentendus et aux méprises multiples !','Anri Sakano','Action Comedy Fantasy','/uploads/mangas/covers/45-1751643254547.jpg',NULL),
(46,'Hunter x Hunter','Collection incomplète','C\'est la rencontre essentielle de Gon, Léolio et Kurapika. Gon fait également la connaissance de Kirua, un adolescent du même âge que lui et aux capacités surprenantes. Ils vont devenir inséparables et leur amitié va prendre de plus en plus de place dans le déroulement de l\'histoire.','Yoshihiro Togashi','Action Adventure Comedy Fantasy','/uploads/mangas/covers/46-1751643254591.jpg',NULL),
(47,'Blue Box','Collection incomplète','Taiki Inomata, membre du club de badminton, a eu le coup de foudre pour Chinatsu Kano, la star du club de basket de son établissement. Il s\'entraîne à ses côtés tous les matin. Sa relation avec Chinatsu va prendre un tournant totalement inédit lorsqu\'un jour de printemps, une nouvelle des plus déconcertantes va lui offrir une opportunité inespérée de conquérir sa belle.','Kouji Miura','Romance,Tranche de vie, Sports','/uploads/mangas/covers/47-1751643254629.jpg',NULL),
(48,'Bucket List of the Dead','Collection incomplète','Cela fait trois ans qu\'Akira Tendô, 24 ans, travaille comme un forcené pour une société esclavagiste. Il est en total burn out mais n\'est même plus assez lucide pour s\'en apercevoir… jusqu\'au jour où son quotidien bascule : les zombies ont pris le contrôle de Tokyo ?! Pour le jeune homme, c\'est la délivrance : rien de mieux qu\'une bonne épidémie zombie pour enfin profiter joyeusement de chaque jour qui passe ! Désormais, Akira va pouvoir croquer la vie à pleines dents ! Pour ce faire, il décide de dresser une liste des 100 choses qu\'il voudrait absolument faire avant de devenir un zombie ! Akira parviendra-t-il à rayer toutes les lignes de sa liste avant de mourir ?','Koutarou Takata/Haro Aso','Action,Comédie,Horreur','/uploads/mangas/covers/48-1751643254670.jpg',NULL),
(49,'Classroom of the Elite','Collection incomplète','Dans les couloirs de l\'Académie Avandée Kôdo Ikusei, l\'élite de demain est formée, mais tout n\'est pas ce qu\'il semble. Kiyotaka Ayanokôji, un étudiant de la classe D, est bien plus qu\'un simple élève ordinaire. Malgré son apparence de garçon timide, il possède des compétences exceptionnelles qu\'il garde secrètes.\r\n\r\n\r\nEntourée de ses camarades Suzune Horikita, la solitaire, et Kikyô Kushida, la fille la plus populaire de sa classe, Kiyotaka se retrouve plongé dans une lutte acharnée pour la suprématie au sein de l\'école. La compétition est rude, et les enjeux sont élevés.\r\n\r\n\r\nDans ce monde où règnent trahisons, rivalités et secrets, Kiyotaka et ses amis devront faire preuve d\'astuce et de stratégie pour gravie les échelons de l\'académie.','Shougo Kinugasa/Yuyu Ichino','Drame, Mystèren Psychologiqu','/uploads/mangas/covers/49-1751643254711.webp',NULL),
(50,'Death Note Short Stories','Collection complète','L’histoire de C-Kira : Une histoire courte datant de 2008 (réalisé à l’occasion de la sortie du film « L : Change the World ») de 44 pages.\r\n\r\nSynopsis : 3 ans après la mort de Light Yagami aka Kira, quelqu’un se met à tuer avec la même méthode. Mais cette fois, ce n’est pas Ryûk qui a apporté le Death Note dans le monde humain, ni lui qui a choisi l’humain à qui le confier… L’histoire de A-Kira : Une histoire courte de février 2020 de 87 pages.\r\n\r\nSynopsis : Mai 2019, Ryûk revient dans le monde humain avec un Death Note pour s’amuser encore un peu avec les humains, mais surtout manger à nouveau des pommes. Cependant le garçon à qui il offre ce présent refuse de l’utiliser et cherche en revanche à vendre le cahier en le mettant aux enchères…\r\n\r\nYonkoma : 9 pages de mini-histoires à tendance humoristique datant de 2004 à 2005.\r\n\r\nL – One Day : Une histoire courte de 7 pages (publié à l’origine dans le livre « L file n°15 », un photobook publié lors de la sortie du film « L : Change the World ».\r\n\r\nSynopsis : On suit le quotidien de L, où on voit ses étranges comportements depuis le point de vue de Watari.\r\n\r\nL – Wammy’s House : Une histoire courte de 5 pages.\r\n\r\nSynopsis : Morceau du journal de Wammy, le directeur de l’orphelinat où a grandi L, racontant comment L est devenu détective.\r\n\r\nL’histoire de Taro Kagami : Le chapitre pilote précédemment publié dans le tome 13 de 55 pages.','Tsugumi Ooba/Takeshi Obata','Drame, Psychologique, Surnaturel','/uploads/mangas/covers/50-1751643254900.jpg',NULL),
(51,'Dr Stone - Reboot Byakuya','Collection complète','Les astronautes alors dans l’espace deviennent les six derniers représentants de l’espèce humaine. Byakuya, l’un des occupants de la Station Spatiale Internationale, lance la planification de leur retour sur Terre pour sauver l’humanité … Découvrez l’incroyable histoire du père de Senku et de son robot dans cette préquelle de la série Dr. Stone !','Riichirou Inagaki/Boichi','Adventure, Sci-Fi','/uploads/mangas/covers/51-1751643254944.jpg',NULL),
(52,'Goblin Slayer - Year One','Collection incomplète','Un jeune garçon survit à l\'attaque-surprise de son village par des gobelins, mais perd sa grande sœur bien-aimée. Cinq ans plus tard, il pénètre dans la guilde des aventuriers d\'une ville à proximité de la frontière pour s\'y inscrire. Désormais aventurier de rang de porcelaine, le jeune homme acquiert son équipement avant d\'aller exterminer seul un nid de gobelins pour sa toute première mission.','Kumo Kagyuu/Kousuke Kurose','Action, Aventure, Drame, Fantasy','/uploads/mangas/covers/52-1751643254990.jpg',NULL),
(53,'L\'Attaque des Titans - Before the Fall','Collection incomplète','L’apparition soudaine des Titans conduit les Hommes à ériger de solides remparts derrière lesquels ils se retranchent pour échapper à l’extermination. Trente ans après la construction de ces murs, un monstre parvient à pénétrer dans le district de Shiganshina où il commet un massacre. Dans les rejets qu’il laisse de son festin est retrouvée une femme enceinte... et contre toute attente, son bébé a survécu...\r\n\r\nUne préquelle éblouissante qui lèvera le voile sur les origines du dispositif de manœuvre tridimensionnelle, soixante-dix ans avant les événements relatés dans la série principale !','Ryou Suzukaze','Action, Drame, Fantasy et Surnaturel','/uploads/mangas/covers/53-1751643255030.jpg',NULL),
(54,'L\'Attaque des Titans : Birth of Livaï','Collection complète','Un groupe de bandits équipés de harnais de manooeuvre tridimensionnelle sévit dans les bas-fonds de la capitale. Leur leader aurait même largement le niveau d’un militaire du Bataillon d’exploration... Le chef d’escouade Erwin Smith décide alors de proposer un marché à cet homme du nom de Livaï. Comment un voyou a-t-il pu devenir le plus fort de tous les soldats ?','Konkichi','Action, Drame, Fantasy, Surnaturel','/uploads/mangas/covers/54-1751643255072.jpg',NULL),
(55,'Lycoris Recoil','Collection incomplète','Le crime n\'existe pas au Japon. L\'archipel est un paradis exempt de violence et de délinquance.\r\n\r\nLa réalité est bien différente. Derrière la propagande, le gouvernement cache une arme : les \"Lycoris\", des orphelines entraînées depuis leur plus jeune âge pour supprimer toute menace à l\'ordre national. Vêtues de leur uniforme, elles sillonnent les rues armées et prêtes à tuer.\r\n\r\nParce qu\'elle a désobéit à un ordre de mission pour la énième fois, la taciturne Takina est envoyée au Café LycoReco pour faire équipe avec Chisato, la meilleure agente de l\'organisation. Et le moins que l\'on puisse dire, c\'est qu\'elles ont toutes les deux une perception de leur rôle radicalement différente. Diffusé sur Crunchyroll durant l\'été 2022, Lycoris Recoil a fait grand bruit dans la communauté des fans d\'anime. Réalisée par A-1 Pictures, la série a immédiatement séduit le public par sa qualité d\'animation, son scénario captivant et ses personnages aussi attachants que puissants. L\'oeuvre a tellement eu de succès qu\'un nouveau projet d\'anime est prévu autour de cette licence.\r\n\r\nDeux ans après sa diffusion sur la plateforme, Panini propose l\'adaptation manga dessinée par Bizen Yasunori. L\'artiste a parfaitement su capter ce qui faisait les qualités de l\'anime pour créer une version papier tout aussi palpitante et prenante. Avec son rythme effréné, ses personnages mémorables et son scénario aux multiples rebondissements, ce titre comblera les fans de l\'anime qui rallieront des lecteurs curieux de découvrir une licence, si chaleureusement recommandée.','Yasunori Bizen','Action Comédie Tranche de vie','/uploads/mangas/covers/55-1751643255112.webp',NULL),
(56,'Mushoku Tensei - L\'Épée d\'Eris','Collection complète','Un one-shot de Mushoku Tensei plein d\'action et de rage !\r\n\r\nAprès avoir subi une défaite traumatisante face au dieu-dragon Oersted, Eris se sépare de son compagnon Rudeus. Consciente de ses lacunes armes à la main et de son incapacité à protéger ceux qu\'elle aime, elle se rend sur la terre sacrée des épées pour devenir une bretteuse d\'exception. Jour après jour, elle se perfectionne sous la supervision de Gal Farion l\'Escrimeur ultime…\r\n\r\nVoici son parcours initiatique sous la tutelle du Dieu de l\'épée, un chemin où sa volonté et sa force physique seront mises à rude épreuve !','Yuu Okano/Take Higake','Action Aventure Drame Fantasy','/uploads/mangas/covers/56-1751643255292.jpg',NULL),
(57,'Monster','Collection incomplète','Considéré au Japon comme le thriller des années \'90, \"Monster\" de Naoki Urasawa scrute la noirceur de l\'âme humaine. C\'est un manga grave, au graphisme très fin. Une intrigue simple en apparence, un graphisme classique. Monster a propulsé Naoki Urasawa dans la cour des maîtres du manga. Complexe et riche, \"Monster\" mêle un des thèmes favoris du cinéma américain depuis \"Le Silence des agneaux\", celui du tueur en série, et le parcours d\'un homme rongé par la culpabilité. Un chef-d\'oeuvre, parfait cocktail de réalisme, de suspense et d\'angoisse !','Naoki Urasawa','Drame Mystère Psychologique Thriller','/uploads/mangas/covers/57-1751643255331.jpg',NULL);
/*!40000 ALTER TABLE `Manga` ENABLE KEYS */;
UNLOCK TABLES;

--
-- Table structure for table `Reading`
--

DROP TABLE IF EXISTS `Reading`;
/*!40101 SET @saved_cs_client     = @@character_set_client */;
/*!40101 SET character_set_client = utf8mb4 */;
CREATE TABLE `Reading` (
  `userId` int(11) NOT NULL,
  `tomeId` int(11) NOT NULL,
  `rating` int(11) DEFAULT NULL,
  PRIMARY KEY (`userId`,`tomeId`),
  KEY `Reading_tomeId_fkey` (`tomeId`),
  CONSTRAINT `Reading_tomeId_fkey` FOREIGN KEY (`tomeId`) REFERENCES `Tome` (`id`) ON UPDATE CASCADE,
  CONSTRAINT `Reading_userId_fkey` FOREIGN KEY (`userId`) REFERENCES `User` (`id`) ON UPDATE CASCADE
) ENGINE=InnoDB DEFAULT CHARSET=utf8mb4 COLLATE=utf8mb4_uca1400_ai_ci;
/*!40101 SET character_set_client = @saved_cs_client */;

--
-- Dumping data for table `Reading`
--

LOCK TABLES `Reading` WRITE;
/*!40000 ALTER TABLE `Reading` DISABLE KEYS */;
INSERT INTO `Reading` VALUES
(4,4,1),
(4,7,9),
(4,8,8),
(4,9,9),
(4,10,8),
(4,11,8),
(4,12,8),
(4,13,7),
(4,14,8),
(4,15,8),
(4,16,9),
(4,17,9),
(4,18,9),
(4,19,8),
(4,20,8),
(4,21,7),
(4,22,8),
(4,23,8),
(4,24,7),
(4,25,5),
(4,26,3),
(4,27,10),
(4,28,10),
(4,29,10),
(4,30,10),
(4,31,10),
(4,32,10),
(4,33,10),
(4,34,10),
(4,35,8),
(4,36,8),
(4,37,8),
(4,38,8),
(4,39,8),
(4,40,8),
(4,41,7),
(4,42,8),
(4,43,7),
(4,44,8),
(4,45,8),
(4,46,7),
(4,47,8),
(4,48,7),
(4,49,7),
(4,50,7),
(4,51,8),
(4,52,8),
(4,53,8),
(4,54,8),
(4,55,10),
(4,56,8),
(4,57,8),
(4,58,7),
(4,59,7),
(4,60,10),
(4,61,8),
(4,62,8),
(4,63,8),
(4,64,9),
(4,65,9),
(4,66,9),
(4,67,9),
(4,68,8),
(4,69,8),
(4,70,8),
(4,71,8),
(4,72,7),
(4,73,7),
(4,74,7),
(4,75,7),
(4,76,8),
(4,77,8),
(4,78,8),
(4,79,7),
(4,80,7),
(4,81,8),
(4,82,10),
(4,83,10),
(4,84,10),
(4,85,10),
(4,86,10),
(4,87,10),
(4,88,10),
(4,89,10),
(4,90,10),
(4,91,10),
(4,92,10),
(4,93,10),
(4,94,9),
(4,95,9),
(4,96,9),
(4,97,8),
(4,98,8),
(4,99,8),
(4,100,8),
(4,101,8),
(4,102,10),
(4,103,10),
(4,104,10),
(4,105,10),
(4,106,10),
(4,107,10),
(4,108,10),
(4,109,10),
(4,110,10),
(4,111,10),
(4,112,10),
(4,113,9),
(4,114,10),
(4,115,10),
(4,116,8),
(4,117,8),
(4,118,8),
(4,119,8),
(4,120,8),
(4,121,7),
(4,122,8),
(4,123,8),
(4,124,8),
(4,125,10),
(4,126,10),
(4,127,8),
(4,128,9),
(4,129,9),
(4,130,9),
(4,131,9),
(4,132,10),
(4,133,10),
(4,134,10),
(4,135,10),
(4,136,10),
(4,137,10),
(4,138,10),
(4,139,10),
(4,140,10),
(4,141,9),
(4,142,9),
(4,143,9),
(4,144,9),
(4,145,9),
(4,146,9),
(4,147,9),
(4,148,9),
(4,149,9),
(4,152,10),
(4,153,9),
(4,154,8),
(4,155,8),
(4,156,8),
(4,157,8),
(4,158,8),
(4,159,7),
(4,160,7),
(4,161,8),
(4,162,8),
(4,163,8),
(4,164,7),
(4,165,7),
(4,166,6),
(4,167,7),
(4,168,7),
(4,169,8),
(4,170,8),
(4,171,7),
(4,172,7),
(4,173,7),
(4,174,7),
(4,175,7),
(4,176,9),
(4,177,8),
(4,178,8),
(4,179,8),
(4,180,8),
(4,181,7),
(4,182,8),
(4,183,7),
(4,184,7),
(4,185,7),
(4,186,8),
(4,187,7),
(4,188,8),
(4,189,8),
(4,190,8),
(4,191,7),
(4,192,8),
(4,193,9),
(4,194,7),
(4,195,6),
(4,196,8),
(4,197,8),
(4,198,8),
(4,199,9),
(4,202,10),
(4,203,9),
(4,204,8),
(4,205,8),
(4,206,8),
(4,207,8),
(4,208,8),
(4,209,8),
(4,210,8),
(4,211,9),
(4,212,8),
(4,213,9),
(4,214,8),
(4,215,9),
(4,216,9),
(4,217,7),
(4,218,7),
(4,219,7),
(4,220,9),
(4,221,NULL),
(4,222,10),
(4,223,9),
(4,224,9),
(4,225,9),
(4,226,7),
(4,227,7),
(4,228,10),
(4,229,10),
(4,230,10),
(4,231,10),
(4,232,10),
(4,233,10),
(4,234,9),
(4,235,9),
(4,236,8),
(4,237,8),
(4,238,8),
(4,239,3),
(4,240,6),
(4,241,6),
(4,242,5),
(4,243,5),
(4,244,5),
(4,245,4),
(4,246,6),
(4,247,NULL),
(4,248,NULL),
(4,249,NULL),
(4,250,NULL),
(4,251,NULL),
(4,252,7),
(4,253,9),
(4,254,8),
(4,255,10),
(4,256,8),
(4,257,7),
(4,258,7),
(4,259,7),
(4,260,7),
(4,261,10),
(4,262,8),
(4,263,8),
(4,271,8),
(4,272,7),
(4,273,7),
(4,274,7),
(4,275,7),
(4,276,6),
(4,277,7),
(4,278,8),
(4,279,9),
(4,281,10),
(4,282,7),
(4,283,8),
(4,284,8),
(4,285,8),
(4,286,7),
(4,287,8),
(4,288,8),
(4,289,8),
(4,290,7),
(4,291,6),
(4,292,6),
(4,293,7),
(4,294,7),
(4,295,7),
(4,296,7),
(4,297,6),
(4,298,10),
(4,299,8),
(4,300,7),
(4,301,10),
(4,302,9),
(4,303,7),
(4,304,7),
(4,305,7),
(4,306,7),
(4,307,7),
(4,308,8),
(4,309,8),
(4,310,8),
(4,311,8),
(4,312,8),
(4,313,8),
(4,314,8),
(4,315,8),
(4,316,7),
(4,317,7),
(4,318,10),
(4,319,7),
(4,320,8),
(4,321,10),
(4,322,5),
(4,324,9),
(4,325,8),
(4,326,9),
(4,327,8),
(4,328,9),
(4,329,8),
(4,330,7),
(4,331,9),
(4,332,9),
(4,333,9),
(4,334,8),
(4,335,9),
(4,336,7),
(4,337,6),
(4,338,7),
(4,339,7),
(4,340,7),
(4,341,9),
(4,342,8),
(4,343,8),
(4,344,8),
(4,345,7),
(4,346,7),
(4,347,8),
(4,348,7),
(4,349,9),
(4,350,7),
(4,351,9),
(4,352,7),
(4,354,10),
(4,355,10),
(4,356,10),
(4,357,10),
(4,358,10),
(4,359,7),
(4,360,10),
(4,361,9),
(4,362,7),
(4,363,7),
(4,364,7),
(4,365,7),
(4,366,9),
(4,367,8),
(4,368,9),
(4,369,7),
(4,370,6),
(4,372,10),
(4,374,7),
(4,375,10),
(4,376,NULL),
(4,377,7),
(4,378,9),
(4,379,NULL),
(4,380,8),
(4,381,8),
(4,382,8),
(4,383,8),
(4,384,9),
(4,385,8),
(4,386,8),
(4,387,8),
(4,391,10),
(4,392,9),
(4,393,9),
(4,394,9),
(4,395,7),
(4,396,8),
(4,397,9),
(4,398,7),
(4,399,9),
(4,400,10),
(4,401,10),
(4,402,10),
(4,403,10),
(4,404,9),
(4,405,8),
(4,406,7),
(4,407,6),
(4,408,6),
(4,409,6),
(4,410,6),
(4,411,7),
(4,412,8),
(4,413,7),
(4,414,7),
(4,416,7),
(4,417,8),
(4,418,7),
(4,421,8),
(4,422,7),
(4,423,7),
(4,424,7),
(4,425,8),
(4,426,8),
(4,427,6),
(4,428,8),
(4,429,9),
(4,430,10),
(4,431,5),
(4,432,7),
(4,433,6),
(4,434,6),
(4,435,5),
(4,436,9),
(4,437,8),
(4,438,8),
(4,439,8),
(4,440,9),
(4,441,8),
(4,442,9),
(4,443,8),
(4,444,8),
(4,445,9),
(4,446,9),
(4,447,8),
(4,448,9),
(4,449,9),
(4,450,9),
(4,451,2),
(4,452,2),
(4,453,1),
(4,454,10),
(4,455,9),
(4,456,8),
(4,457,7),
(4,458,7),
(4,461,7),
(4,462,7),
(4,463,NULL),
(4,464,NULL),
(4,465,NULL),
(4,466,NULL),
(4,467,NULL),
(4,468,NULL),
(4,469,NULL),
(4,470,NULL),
(4,471,NULL),
(4,472,NULL),
(4,473,8),
(4,474,7),
(4,475,7),
(4,476,7),
(4,477,7),
(4,478,7),
(4,479,7),
(4,480,7),
(4,481,9),
(4,482,9),
(4,483,10),
(4,484,10),
(4,485,9),
(4,486,10),
(4,487,10),
(4,488,8),
(4,489,10),
(4,490,10),
(4,491,10),
(4,492,7),
(4,493,10),
(4,494,10),
(4,495,8),
(4,496,9),
(4,497,10),
(4,498,10),
(4,499,10),
(4,500,10),
(4,501,10),
(4,502,10),
(4,503,10),
(4,504,10),
(4,505,10),
(4,506,10),
(4,507,10),
(4,508,10),
(4,509,9),
(4,510,10),
(4,511,10),
(4,512,8),
(4,513,8),
(4,514,7),
(4,515,7),
(4,516,7),
(4,517,7),
(4,518,10),
(4,519,10),
(4,520,10),
(4,521,10),
(4,522,9),
(4,523,9),
(4,524,8),
(4,525,10),
(4,526,8),
(4,527,8),
(4,528,8),
(4,529,5),
(4,530,5),
(4,531,8),
(4,532,6),
(4,533,6),
(4,534,6),
(4,535,6),
(4,536,6),
(4,537,5),
(4,538,6),
(4,539,6),
(4,540,7),
(4,541,7),
(4,542,7),
(4,543,8),
(4,544,6),
(4,545,10),
(4,546,10),
(4,547,10),
(4,549,10),
(5,4,7),
(5,7,NULL),
(5,8,NULL),
(5,9,NULL),
(5,10,NULL),
(5,11,NULL),
(5,12,NULL),
(5,13,NULL),
(5,14,NULL),
(5,15,NULL),
(5,16,NULL),
(5,17,NULL),
(5,18,NULL),
(5,19,NULL),
(5,20,NULL),
(5,21,NULL),
(5,22,NULL),
(5,23,NULL),
(5,24,NULL),
(5,25,NULL),
(5,26,NULL),
(5,27,NULL),
(5,28,NULL),
(5,29,NULL),
(5,30,NULL),
(5,31,NULL),
(5,32,NULL),
(5,33,NULL),
(5,34,NULL),
(5,35,NULL),
(5,36,NULL),
(5,37,NULL),
(5,38,NULL),
(5,39,NULL),
(5,40,NULL),
(5,41,NULL),
(5,42,NULL),
(5,43,NULL),
(5,44,NULL),
(5,45,NULL),
(5,46,NULL),
(5,47,NULL),
(5,48,NULL),
(5,49,NULL),
(5,50,NULL),
(5,51,NULL),
(5,52,NULL),
(5,53,NULL),
(5,54,NULL),
(5,55,NULL),
(5,56,NULL),
(5,57,NULL),
(5,58,NULL),
(5,59,NULL),
(5,60,NULL),
(5,61,NULL),
(5,62,NULL),
(5,63,NULL),
(5,64,NULL),
(5,65,NULL),
(5,66,NULL),
(5,67,NULL),
(5,68,NULL),
(5,69,NULL),
(5,70,NULL),
(5,71,NULL),
(5,72,NULL),
(5,73,NULL),
(5,74,NULL),
(5,75,NULL),
(5,76,NULL),
(5,77,NULL),
(5,78,NULL),
(5,79,NULL),
(5,80,NULL),
(5,81,NULL),
(5,82,NULL),
(5,83,NULL),
(5,84,NULL),
(5,85,NULL),
(5,86,NULL),
(5,87,NULL),
(5,88,NULL),
(5,89,NULL),
(5,90,NULL),
(5,91,NULL),
(5,92,NULL),
(5,93,NULL),
(5,94,NULL),
(5,95,NULL),
(5,96,NULL),
(5,97,NULL),
(5,98,NULL),
(5,99,NULL),
(5,100,NULL),
(5,101,NULL),
(5,102,NULL),
(5,103,NULL),
(5,104,NULL),
(5,105,NULL),
(5,106,NULL),
(5,107,NULL),
(5,108,NULL),
(5,109,NULL),
(5,110,NULL),
(5,111,NULL),
(5,112,NULL),
(5,113,NULL),
(5,114,NULL),
(5,115,NULL),
(5,116,NULL),
(5,117,NULL),
(5,118,NULL),
(5,119,NULL),
(5,120,NULL),
(5,121,NULL),
(5,122,NULL),
(5,123,NULL),
(5,124,NULL),
(5,125,NULL),
(5,126,NULL),
(5,127,NULL),
(5,128,NULL),
(5,129,NULL),
(5,130,NULL),
(5,131,NULL),
(5,132,NULL),
(5,133,NULL),
(5,134,NULL),
(5,135,NULL),
(5,136,NULL),
(5,137,NULL),
(5,138,NULL),
(5,139,NULL),
(5,140,NULL),
(5,141,NULL),
(5,142,NULL),
(5,143,NULL),
(5,144,NULL),
(5,145,NULL),
(5,146,NULL),
(5,147,NULL),
(5,148,NULL),
(5,149,NULL),
(5,152,NULL),
(5,153,6),
(5,154,8),
(5,155,7),
(5,156,6),
(5,157,7),
(5,158,NULL),
(5,159,NULL),
(5,160,NULL),
(5,161,NULL),
(5,162,NULL),
(5,163,NULL),
(5,164,NULL),
(5,165,NULL),
(5,166,NULL),
(5,167,NULL),
(5,168,NULL),
(5,169,NULL),
(5,170,NULL),
(5,171,NULL),
(5,172,NULL),
(5,173,NULL),
(5,174,NULL),
(5,175,NULL),
(5,176,NULL),
(5,177,NULL),
(5,178,NULL),
(5,179,NULL),
(5,180,NULL),
(5,181,NULL),
(5,182,NULL),
(5,183,NULL),
(5,184,NULL),
(5,185,NULL),
(5,186,NULL),
(5,187,NULL),
(5,188,NULL),
(5,189,NULL),
(5,190,NULL),
(5,191,NULL),
(5,192,NULL),
(5,193,NULL),
(5,194,NULL),
(5,195,NULL),
(5,196,NULL),
(5,197,NULL),
(5,198,NULL),
(5,199,NULL),
(5,202,NULL),
(5,203,NULL),
(5,204,NULL),
(5,205,NULL),
(5,206,NULL),
(5,207,NULL),
(5,208,NULL),
(5,209,NULL),
(5,210,NULL),
(5,211,NULL),
(5,212,NULL),
(5,213,NULL),
(5,214,NULL),
(5,215,NULL),
(5,216,NULL),
(5,217,NULL),
(5,218,NULL),
(5,219,NULL),
(5,220,NULL),
(5,221,NULL),
(5,222,NULL),
(5,223,NULL),
(5,224,NULL),
(5,225,NULL),
(5,226,NULL),
(5,227,NULL),
(5,228,NULL),
(5,229,NULL),
(5,230,NULL),
(5,231,NULL),
(5,232,NULL),
(5,233,NULL),
(5,234,NULL),
(5,235,NULL),
(5,237,NULL),
(5,238,NULL),
(5,239,NULL),
(5,240,NULL),
(5,241,NULL),
(5,242,NULL),
(5,243,NULL),
(5,247,NULL),
(5,248,NULL),
(5,249,NULL),
(5,250,NULL),
(5,251,NULL),
(5,253,NULL),
(5,255,NULL),
(5,258,NULL),
(5,259,NULL),
(5,260,NULL),
(5,261,NULL),
(5,262,NULL),
(5,263,NULL),
(5,271,NULL),
(5,272,NULL),
(5,273,NULL),
(5,274,NULL),
(5,275,NULL),
(5,276,NULL),
(5,277,NULL),
(5,278,NULL),
(5,279,NULL),
(5,281,NULL),
(5,282,NULL),
(5,283,NULL),
(5,284,NULL),
(5,285,NULL),
(5,286,NULL),
(5,287,NULL),
(5,288,NULL),
(5,289,NULL),
(5,290,NULL),
(5,291,NULL),
(5,292,NULL),
(5,293,NULL),
(5,294,NULL),
(5,295,NULL),
(5,296,NULL),
(5,297,NULL),
(5,298,NULL),
(5,299,NULL),
(5,300,NULL),
(5,301,NULL),
(5,302,NULL),
(5,303,NULL),
(5,304,NULL),
(5,305,NULL),
(5,306,NULL),
(5,307,NULL),
(5,308,NULL),
(5,309,NULL),
(5,310,NULL),
(5,311,NULL),
(5,312,NULL),
(5,313,NULL),
(5,314,NULL),
(5,315,NULL),
(5,316,NULL),
(5,317,NULL),
(5,318,NULL),
(5,319,NULL),
(5,320,NULL),
(5,321,NULL),
(5,322,NULL),
(5,324,NULL),
(5,325,NULL),
(5,326,NULL),
(5,327,NULL),
(5,328,NULL),
(5,329,NULL),
(5,330,NULL),
(5,331,NULL),
(5,332,NULL),
(5,333,NULL),
(5,334,NULL),
(5,335,NULL),
(5,336,NULL),
(5,337,NULL),
(5,338,NULL),
(5,339,NULL),
(5,340,NULL),
(5,341,NULL),
(5,342,NULL),
(5,343,NULL),
(5,344,NULL),
(5,345,NULL),
(5,346,NULL),
(5,347,NULL),
(5,348,NULL),
(5,349,NULL),
(5,350,NULL),
(5,351,NULL),
(5,352,NULL),
(5,354,NULL),
(5,355,NULL),
(5,356,NULL),
(5,357,NULL),
(5,358,NULL),
(5,359,NULL),
(5,360,NULL),
(5,361,NULL),
(5,362,NULL),
(5,363,NULL),
(5,364,NULL),
(5,365,NULL),
(5,366,NULL),
(5,367,NULL),
(5,368,NULL),
(5,369,NULL),
(5,370,NULL),
(5,372,NULL),
(5,374,NULL),
(5,375,NULL),
(5,376,NULL),
(5,377,NULL),
(5,378,NULL),
(5,379,NULL),
(5,380,NULL),
(5,381,NULL),
(5,382,NULL),
(5,383,NULL),
(5,384,NULL),
(5,385,NULL),
(5,386,NULL),
(5,387,NULL),
(5,388,NULL),
(5,389,NULL),
(5,390,NULL),
(5,391,NULL),
(5,392,NULL),
(5,393,NULL),
(5,394,NULL),
(5,395,NULL),
(5,396,NULL),
(5,397,NULL),
(5,398,NULL),
(5,399,NULL),
(5,400,NULL),
(5,401,NULL),
(5,402,NULL),
(5,403,NULL),
(5,404,NULL),
(5,405,NULL),
(5,406,NULL),
(5,407,NULL),
(5,408,NULL),
(5,409,NULL),
(5,410,NULL),
(5,411,NULL),
(5,412,NULL),
(5,413,NULL),
(5,414,NULL),
(5,415,NULL),
(5,416,NULL),
(5,417,NULL),
(5,418,NULL),
(5,419,NULL),
(5,420,NULL),
(5,421,NULL),
(5,422,NULL),
(5,423,NULL),
(5,424,NULL),
(5,425,NULL),
(5,426,NULL),
(5,427,NULL),
(5,428,NULL),
(5,429,NULL),
(5,430,NULL),
(5,431,NULL),
(5,432,NULL),
(5,434,NULL),
(5,435,NULL),
(5,436,NULL),
(5,437,NULL),
(5,438,NULL),
(5,439,NULL),
(5,440,NULL),
(5,441,NULL),
(5,442,NULL),
(5,443,NULL),
(5,444,NULL),
(5,445,NULL),
(5,446,NULL),
(5,447,NULL),
(5,448,NULL),
(5,449,NULL),
(5,450,NULL),
(5,451,NULL),
(5,452,NULL),
(5,453,NULL),
(5,454,NULL),
(5,455,NULL),
(5,456,3),
(5,461,NULL),
(5,462,NULL),
(5,463,NULL),
(5,464,NULL),
(5,465,NULL),
(5,466,NULL),
(5,467,NULL),
(5,468,NULL),
(5,469,NULL),
(5,470,NULL),
(5,471,NULL),
(5,472,NULL),
(5,473,NULL),
(5,474,NULL),
(5,475,NULL),
(5,476,NULL),
(5,477,NULL),
(5,478,NULL),
(5,479,NULL),
(5,480,NULL),
(5,481,NULL),
(5,482,NULL),
(5,483,NULL),
(5,484,NULL),
(5,485,NULL),
(5,486,NULL),
(5,487,NULL),
(5,488,NULL),
(5,489,NULL),
(5,490,NULL),
(5,491,NULL),
(5,493,NULL),
(5,494,NULL),
(5,495,NULL),
(5,496,NULL),
(5,497,NULL),
(5,498,NULL),
(5,499,NULL),
(5,500,NULL),
(5,501,NULL),
(5,502,NULL),
(5,503,NULL),
(5,504,NULL),
(5,505,NULL),
(5,506,NULL),
(5,507,NULL),
(5,508,NULL),
(5,509,NULL),
(5,510,NULL),
(5,511,NULL),
(5,512,NULL),
(5,513,NULL),
(5,514,NULL),
(5,515,NULL),
(5,516,NULL),
(5,517,NULL),
(5,518,NULL),
(5,519,NULL),
(5,520,NULL),
(5,521,NULL),
(5,522,NULL),
(5,523,NULL),
(5,524,NULL),
(5,525,NULL),
(5,526,NULL),
(5,527,NULL),
(5,528,NULL),
(5,529,NULL),
(5,530,NULL),
(5,531,NULL),
(5,532,NULL),
(5,533,NULL),
(5,534,NULL),
(5,535,NULL),
(5,536,NULL),
(5,537,NULL),
(5,538,NULL),
(5,539,NULL),
(5,540,NULL),
(5,541,NULL),
(5,542,NULL),
(5,543,NULL),
(5,544,NULL),
(5,545,NULL),
(5,546,NULL),
(5,547,NULL),
(5,549,NULL),
(5,550,NULL);
/*!40000 ALTER TABLE `Reading` ENABLE KEYS */;
UNLOCK TABLES;

--
-- Table structure for table `Tome`
--

DROP TABLE IF EXISTS `Tome`;
/*!40101 SET @saved_cs_client     = @@character_set_client */;
/*!40101 SET character_set_client = utf8mb4 */;
CREATE TABLE `Tome` (
  `id` int(11) NOT NULL AUTO_INCREMENT,
  `numero` int(11) NOT NULL,
  `prix` decimal(15,2) NOT NULL,
  `editeur` varchar(50) NOT NULL,
  `coverImage` varchar(255) DEFAULT NULL,
  `mangaId` int(11) NOT NULL,
  PRIMARY KEY (`id`),
  KEY `Tome_mangaId_fkey` (`mangaId`),
  CONSTRAINT `Tome_mangaId_fkey` FOREIGN KEY (`mangaId`) REFERENCES `Manga` (`id`) ON UPDATE CASCADE
) ENGINE=InnoDB AUTO_INCREMENT=551 DEFAULT CHARSET=utf8mb4 COLLATE=utf8mb4_uca1400_ai_ci;
/*!40101 SET character_set_client = @saved_cs_client */;

--
-- Dumping data for table `Tome`
--

LOCK TABLES `Tome` WRITE;
/*!40000 ALTER TABLE `Tome` DISABLE KEYS */;
INSERT INTO `Tome` VALUES
(4,1,6.20,'Pika','/uploads/tomes/4-1751643255386.jpg',2),
(7,1,7.20,'Glénat','/uploads/tomes/7-1751643255459.jpg',4),
(8,2,7.20,'Glénat','/uploads/tomes/8-1751643255499.jpg',4),
(9,3,7.20,'Glénat','/uploads/tomes/9-1751643255550.jpg',4),
(10,1,7.50,'Doki Doki','/uploads/tomes/10-1751643255592.jpg',5),
(11,10,6.90,'Glénat','/uploads/mangas/tomes/58e15cd2-e800-416a-9606-4bc085b87fb7.jpg',6),
(12,11,6.90,'Glénat','/uploads/mangas/tomes/276087dd-180c-4db5-8164-696d9ff4c9ff.jpg',6),
(13,12,6.90,'Glénat','/uploads/mangas/tomes/d5f1a8df-715d-4462-aacb-95650b9b58e7.jpg',6),
(14,13,6.90,'Glénat','/uploads/mangas/tomes/3caab3e0-9903-42de-9de4-46ea84d9a0f5.jpg',6),
(15,14,6.90,'Glénat','/uploads/mangas/tomes/747da95a-f227-43c4-9833-5b7f7b8984c6.jpg',6),
(16,1,6.90,'Glénat','/uploads/mangas/tomes/c4addfa8-199a-4cd1-bf96-c684d8f251ed.jpg',6),
(17,2,6.90,'Glénat','/uploads/mangas/tomes/035c2ec3-cd9a-4d7c-903a-a63c0f508341.jpg',6),
(18,3,6.90,'Glénat','/uploads/mangas/tomes/b23d2517-4b8b-4c2e-8700-f76a20e5bfce.jpg',6),
(19,4,6.90,'Glénat','/uploads/mangas/tomes/4ddafec3-d4d7-4fbe-ba9a-68dbd9394894.jpg',6),
(20,5,6.90,'Glénat','/uploads/mangas/tomes/9ba1010a-fd83-4d21-a399-3130a899541e.jpg',6),
(21,6,6.90,'Glénat','/uploads/mangas/tomes/573828df-de6d-41a3-8a35-18e666c1cffc.jpg',6),
(22,7,6.90,'Glénat','/uploads/mangas/tomes/a7d0aa5f-cc8b-4547-b213-35afdab16d0b.jpg',6),
(23,8,6.90,'Glénat','/uploads/mangas/tomes/d31b3dd1-4eb8-4861-81d4-c042fd53f69a.jpg',6),
(24,9,6.90,'Glénat','/uploads/mangas/tomes/f5c68a4a-7d73-401a-9ee5-8022274a1fc5.jpg',6),
(25,2,7.50,'Doki Doki','/uploads/tomes/25-1751643255639.jpg',5),
(26,3,7.50,'Doki Doki','/uploads/tomes/26-1751643255682.jpg',5),
(27,1,7.30,'Kana','/uploads/tomes/27-1751643255728.jpg',8),
(28,2,7.30,'Kana','/uploads/tomes/28-1751643255770.jpg',8),
(29,3,7.30,'Kana','/uploads/tomes/29-1751643255817.jpg',8),
(30,4,7.30,'Kana','/uploads/tomes/30-1751643255866.jpg',8),
(31,5,7.30,'Kana','/uploads/tomes/31-1751643255924.jpg',8),
(32,1,6.56,'Clénat','/uploads/mangas/tomes/9272036e-7bea-40ba-b8c3-353f0f646494.jpg',9),
(33,2,6.56,'Clénat','/uploads/mangas/tomes/db860684-b21a-4dc1-92c6-52fba7f8c2aa.jpg',9),
(34,3,6.56,'Clénat','/uploads/mangas/tomes/beb7c91a-1eec-4089-85f9-21340c35ee90.jpg',9),
(35,10,6.56,'Clénat','/uploads/mangas/tomes/2912a8e9-e1fd-41ef-8cc6-4c55ea9023be.jpg',9),
(36,1,6.90,'Clénat','/uploads/mangas/tomes/54ff409e-92b2-4ead-9488-9be0f7e4b4e1.jpg',7),
(37,2,6.90,'Clénat','/uploads/mangas/tomes/9f87528d-464d-4e89-8807-74f8d6640c24.jpg',7),
(38,3,6.90,'Clénat','/uploads/mangas/tomes/ba73eb13-fdb2-4b5c-920e-a1a7d7ce2ae9.jpg',7),
(39,4,6.90,'Clénat','/uploads/mangas/tomes/b4555935-e93c-47c3-b2f5-07a2bdb11b83.jpg',7),
(40,5,6.90,'Clénat','/uploads/mangas/tomes/2690d336-ee2f-427f-8441-9c0ee5646a1f.jpg',7),
(41,6,6.90,'Clénat','/uploads/mangas/tomes/2b1900fc-e6fb-46b5-9d18-2fada6d9c1b2.jpg',7),
(42,7,6.90,'Clénat','/uploads/mangas/tomes/a8db0ae3-41c7-4925-a7d5-80ac2d81c0b2.jpg',7),
(43,8,6.90,'Clénat','/uploads/mangas/tomes/baffbf10-d089-4d7a-ae1c-00078cdf41c8.jpg',7),
(44,9,6.90,'Clénat','/uploads/mangas/tomes/3f192637-4ffd-46c2-9c15-b49f32241cd1.jpg',7),
(45,10,6.90,'Clénat','/uploads/mangas/tomes/c811a01f-c0f9-4878-a5e2-ea3a19abec72.jpg',7),
(46,11,6.90,'Clénat','/uploads/mangas/tomes/acef58c9-e0b8-4bbe-bf84-55bcfe082a7f.jpg',7),
(47,12,6.90,'Clénat','/uploads/mangas/tomes/b7a1a582-5a1f-4f67-ac38-9cc053d9b8b6.jpg',7),
(48,13,6.90,'Clénat','/uploads/mangas/tomes/8a4a953f-3b51-4bb7-971a-22e3830b52f2.jpg',7),
(49,14,6.90,'Clénat','/uploads/mangas/tomes/be3b243b-e272-451d-9390-59023befa008.jpg',7),
(50,15,6.90,'Clénat','/uploads/mangas/tomes/a74c7d8e-e0c0-462b-b8be-ffb2c50521e3.jpg',7),
(51,16,7.60,'Clénat','/uploads/mangas/tomes/48dce3e8-45ac-4d77-bc85-41646cbf446d.jpg',7),
(52,1,7.20,'Pika','/uploads/mangas/tomes/74421a61-c2e9-4e2a-9df4-eb9f4f802334.jpg',10),
(53,2,7.20,'Pika','/uploads/mangas/tomes/04bf4b04-4acc-44c2-a62a-9e61bedc1a1d.jpg',10),
(54,3,7.20,'Pika','/uploads/mangas/tomes/c495beb8-f3d0-41c5-8366-c9c67a63167c.jpg',10),
(55,4,7.20,'Pika','/uploads/mangas/tomes/fb6748cc-df0d-475f-86d8-12bb00ab8916.jpg',10),
(56,5,7.20,'Pika','/uploads/mangas/tomes/f583f3fd-6ffb-45e3-a9fe-08f536fa0b01.jpg',10),
(57,6,7.20,'Pika','/uploads/mangas/tomes/14010917-6580-4410-973d-e306eab31777.jpg',10),
(58,7,7.20,'Pika','/uploads/mangas/tomes/31b1d3e8-7b84-4f85-8a29-90ee3110c068.jpg',10),
(59,8,7.20,'Pika','/uploads/mangas/tomes/705b23ac-8a02-45b2-b276-52f027619863.jpg',10),
(60,9,7.20,'Pika','/uploads/mangas/tomes/22873eeb-01f2-4d5e-b39c-73445c98b344.jpg',10),
(61,10,7.20,'Pika','/uploads/mangas/tomes/87d86f04-bcb7-4184-847c-a377116b4282.jpg',10),
(62,11,7.20,'Pika','/uploads/mangas/tomes/a157f344-1ad3-4bf8-9dba-e9c8cf76990f.jpg',10),
(63,12,7.20,'Pika','/uploads/mangas/tomes/36d31fab-38a5-456a-a1c9-976dde919d86.jpg',10),
(64,1,6.90,'Glénat','/uploads/tomes/64-1751643255976.jpg',11),
(65,2,6.90,'Glénat','/uploads/tomes/65-1751643256032.jpg',11),
(66,3,6.90,'Glénat','/uploads/tomes/66-1751643256082.jpg',11),
(67,4,6.90,'Glénat','/uploads/tomes/67-1751643256127.jpg',11),
(68,5,6.90,'Glénat','/uploads/tomes/68-1751643256168.jpg',11),
(69,6,6.90,'Glénat','/uploads/tomes/69-1751643256224.jpg',11),
(70,7,6.90,'Glénat','/uploads/tomes/70-1751643256266.jpg',11),
(71,8,6.90,'Glénat','/uploads/tomes/71-1751643256313.jpg',11),
(72,9,6.90,'Glénat','/uploads/tomes/72-1751643256352.jpg',11),
(73,10,6.90,'Glénat','/uploads/tomes/73-1751643256394.jpg',11),
(74,11,6.90,'Glénat','/uploads/tomes/74-1751643256435.jpg',11),
(75,12,6.90,'Glénat','/uploads/tomes/75-1751643256480.jpg',11),
(76,13,6.90,'Glénat','/uploads/tomes/76-1751643256530.jpg',11),
(77,14,6.90,'Glénat','/uploads/tomes/77-1751643256570.jpg',11),
(78,15,6.90,'Glénat','/uploads/tomes/78-1751643256614.jpg',11),
(79,16,6.90,'Glénat','/uploads/tomes/79-1751643256664.jpg',11),
(80,17,6.90,'Glénat','/uploads/tomes/80-1751643256709.jpg',11),
(81,18,6.90,'Glénat','/uploads/tomes/81-1751643256751.jpg',11),
(82,1,6.89,'Kazé','/uploads/mangas/tomes/e6ef4d0d-1f95-497f-9fe0-63929e854d9a.jpg',12),
(83,2,6.89,'Kazé','/uploads/mangas/tomes/fcb30e53-7195-4fb3-996b-61a9b2cf832c.jpg',12),
(84,3,6.89,'Kazé','/uploads/mangas/tomes/497634a9-0784-40fc-9795-45788d0279e7.jpg',12),
(85,4,6.89,'Kazé','/uploads/mangas/tomes/bbe18ecd-a1b9-4842-8902-7f794923984f.jpg',12),
(86,5,6.89,'Kazé','/uploads/mangas/tomes/266124aa-9909-4775-ae05-0b1b5d150bea.jpg',12),
(87,6,6.89,'Kazé','/uploads/mangas/tomes/3346c1ce-fba7-414e-a66c-bff4e39822bd.jpg',12),
(88,7,6.89,'Kazé','/uploads/mangas/tomes/fb6e010b-6aad-4123-9429-f4be220a85c7.jpg',12),
(89,8,6.89,'Kazé','/uploads/mangas/tomes/e659d934-8376-4a7a-9841-bfe10bb39922.jpg',12),
(90,9,6.89,'Kazé','/uploads/mangas/tomes/ce812535-95cb-45d5-8ccd-a10c7807fd45.jpg',12),
(91,10,6.89,'Kazé','/uploads/mangas/tomes/8e636ca4-cce3-4378-b15a-7eb3189ac08c.jpg',12),
(92,11,6.89,'Kazé','/uploads/mangas/tomes/363f2353-845a-4966-ab14-aeff4aa69b3d.jpg',12),
(93,12,6.89,'Kazé','/uploads/mangas/tomes/a3ea9730-0e4c-4ecb-87f6-d6058bcef127.jpg',12),
(94,13,6.89,'Kazé','/uploads/mangas/tomes/0c9de2ea-a98b-4204-b70a-14b05fca44ca.jpg',12),
(95,14,6.89,'Kazé','/uploads/mangas/tomes/a3618b93-57e9-40b0-84e7-89c60c5ab223.jpg',12),
(96,15,6.89,'Kazé','/uploads/mangas/tomes/8f0fcd7b-2a5a-49de-b7d2-a75756616cc4.jpg',12),
(97,16,6.89,'Kazé','/uploads/mangas/tomes/a515f129-3681-4ce3-9d5b-865e17b18441.jpg',12),
(98,17,6.89,'Kazé','/uploads/mangas/tomes/a0bcdcd8-9621-4fde-9db8-4347588544e7.jpg',12),
(99,18,6.89,'Kazé','/uploads/mangas/tomes/6df2f115-d211-48eb-95a3-8f4ee3b2a578.jpg',12),
(100,19,6.89,'Kazé','/uploads/mangas/tomes/b7599152-79bf-4b85-9c04-28229028debc.jpg',12),
(101,20,6.89,'Kazé','/uploads/mangas/tomes/410d6941-a82c-434e-af2c-fd5b2fd0b9e7.jpg',12),
(102,1,7.50,'Doki Doki','/uploads/mangas/tomes/67b63ea7-3af9-4f71-a55a-7c5b8b462330.jpg',13),
(103,2,7.50,'Doki Doki','/uploads/mangas/tomes/6dd20a05-55a5-43b6-b12a-30aa4be47da3.jpg',13),
(104,3,7.50,'Doki Doki','/uploads/mangas/tomes/7d80a212-a2a2-4c1c-aad7-288330f5b4ab.jpg',13),
(105,4,7.50,'Doki Doki','/uploads/mangas/tomes/67c5e20a-7fd7-4654-9dd9-44c8943dfd13.jpg',13),
(106,5,7.50,'Doki Doki','/uploads/mangas/tomes/0f685c9e-a29e-45f0-b3b5-2dedd3fd5740.jpg',13),
(107,6,7.50,'Doki Doki','/uploads/mangas/tomes/6c08a3ce-31f3-4a72-8f8d-840e6001236a.jpg',13),
(108,7,7.50,'Doki Doki','/uploads/mangas/tomes/9977107c-2d4d-4bf1-9b3a-9d53894b17d9.jpg',13),
(109,8,7.50,'Doki Doki','/uploads/mangas/tomes/b5e66bc7-5c3b-44ea-83f8-768fa77782f2.jpg',13),
(110,9,7.50,'Doki Doki','/uploads/mangas/tomes/303badcc-4ae3-4c5b-b650-5ef584b8e05f.jpg',13),
(111,10,7.50,'Doki Doki','/uploads/mangas/tomes/a6e4b970-6159-4ec2-8028-bd005126d1a9.jpg',13),
(112,11,7.50,'Doki Doki','/uploads/mangas/tomes/2eef9bf3-5646-4faa-8df8-cc232348b52d.jpg',13),
(113,12,7.50,'Doki Doki','/uploads/mangas/tomes/93803df2-3447-4e08-92f3-94291de5379d.jpg',13),
(114,13,7.50,'Doki Doki','/uploads/mangas/tomes/d061bf66-3af4-4725-8f52-279077de625e.jpg',13),
(115,14,7.50,'Doki Doki','/uploads/mangas/tomes/458918e9-fd36-41f1-96db-30fc3303c1fd.jpg',13),
(116,1,6.85,'Pika','/uploads/mangas/tomes/fde350b2-4dba-4076-9fe3-0152b9d5a728.jpg',14),
(117,2,6.85,'Pika','/uploads/mangas/tomes/edb17007-7f58-44cb-b26c-055a837b2c28.jpg',14),
(118,3,6.85,'Pika','/uploads/mangas/tomes/446644d1-6b7a-405a-a6ea-446fa90dead2.jpg',14),
(119,4,6.85,'Pika','/uploads/mangas/tomes/029f384d-1f66-4d80-ac1d-9b5811aed4a6.jpg',14),
(120,5,6.85,'Pika','/uploads/mangas/tomes/793d57ea-d6b5-4751-b36d-d3436cea50aa.jpg',14),
(121,6,6.85,'Pika','/uploads/mangas/tomes/9e96b811-7ef3-4d1d-a3dc-8a80ecc78779.jpg',14),
(122,7,6.85,'Pika','/uploads/mangas/tomes/cc4775e7-616f-4335-a681-b78265fcf657.jpg',14),
(123,8,6.85,'Pika','/uploads/mangas/tomes/c5ed45ce-5e37-451b-afb3-1486c8d573a9.jpg',14),
(124,9,6.85,'Pika','/uploads/mangas/tomes/1b16bb50-56d4-49dd-a264-55d08eb24872.jpg',14),
(125,10,6.85,'Pika','/uploads/mangas/tomes/8f80b4b3-7b2c-4de4-beed-96eaa0c3cb71.jpg',14),
(126,11,6.85,'Pika','/uploads/mangas/tomes/c3931cfa-ce6a-4250-aa54-9c68b00a344b.jpg',14),
(127,12,6.85,'Pika','/uploads/mangas/tomes/5dc0c8c1-6f87-422a-adda-78fb7b08a57a.jpg',14),
(128,13,6.85,'Pika','/uploads/mangas/tomes/a8faaa40-0007-4baf-9d0c-a76a06a56d11.jpg',14),
(129,14,6.85,'Pika','/uploads/mangas/tomes/75404812-d301-4712-82c9-0db3b2e0617d.jpg',14),
(130,15,6.85,'Pika','/uploads/mangas/tomes/33d1fb5d-0ef2-47a3-9041-3f9d3fa94c4e.jpg',14),
(131,16,6.85,'Pika','/uploads/mangas/tomes/65ca8a21-6c50-44ef-8bbe-bdec3d3d04e7.jpg',14),
(132,17,6.85,'Pika','/uploads/mangas/tomes/801b5af3-36f0-44e8-a40b-4a555c3d4e67.jpg',14),
(133,18,6.85,'Pika','/uploads/mangas/tomes/e3bd20d7-5ae1-413b-94bc-f08c8c622b12.jpg',14),
(134,19,6.85,'Pika','/uploads/mangas/tomes/35a13f4a-d8c8-4714-8e5f-b8f57dc997e0.jpg',14),
(135,20,6.85,'Pika','/uploads/mangas/tomes/fa976f6c-c639-45b8-99b9-ed321642ee34.jpg',14),
(136,21,6.85,'Pika','/uploads/mangas/tomes/1b3c8e38-c8a9-45df-9d46-12a3829e5932.jpg',14),
(137,22,6.85,'Pika','/uploads/mangas/tomes/9f1fcbde-e083-45d1-930f-cf82afad5dc2.jpg',14),
(138,23,6.85,'Pika','/uploads/mangas/tomes/e4587b50-2e4b-408d-9a32-f24b792a2258.jpg',14),
(139,24,6.85,'Pika','/uploads/mangas/tomes/e252e426-2c73-4bb6-ac41-95c4de4a79ca.jpg',14),
(140,25,6.85,'Pika','/uploads/mangas/tomes/a70f9d39-7864-4ed2-827a-f26f6d94bd82.jpg',14),
(141,26,6.85,'Pika','/uploads/mangas/tomes/7f6712a8-7b07-4c94-971c-366053a8d98d.jpg',14),
(142,27,6.85,'Pika','/uploads/mangas/tomes/9d52e207-5e69-461f-9611-48d92cdbfb54.jpg',14),
(143,28,6.85,'Pika','/uploads/mangas/tomes/69d65b9a-3353-4f3e-80b6-4c4bd738b1d1.jpg',14),
(144,29,6.85,'Pika','/uploads/mangas/tomes/acb12861-b67a-4f01-930b-004a6ce1fb82.jpg',14),
(145,30,6.85,'Pika','/uploads/mangas/tomes/a64d9b8b-3830-46c1-8369-81ff61bde025.jpg',14),
(146,31,6.85,'Pika','/uploads/mangas/tomes/211e34b1-2136-48e8-8b9a-bfc3fcf6d4a3.jpg',14),
(147,32,6.85,'Pika','/uploads/mangas/tomes/abe5bced-d821-4606-bf5c-543802b7f314.jpg',14),
(148,33,6.85,'Pika','/uploads/mangas/tomes/b75726c3-e8ee-499b-b72c-22c659d35eb7.jpg',14),
(149,34,6.95,'Pika','/uploads/mangas/tomes/f049371a-e5f7-4a30-b142-6a5a407562b2.jpg',14),
(152,6,7.30,'Kana','/uploads/tomes/152-1751643256798.jpg',8),
(153,1,7.90,'Kioon','/uploads/tomes/153-1751643256839.jpg',15),
(154,2,7.90,'Kioon','/uploads/tomes/154-1751643256886.jpg',15),
(155,3,7.90,'Kioon','/uploads/tomes/155-1751643256929.jpg',15),
(156,4,7.90,'Kioon','/uploads/tomes/156-1751643256970.jpg',15),
(157,5,7.90,'Kioon','/uploads/tomes/157-1751643257014.jpg',15),
(158,6,7.90,'Kioon','/uploads/tomes/158-1751643257059.jpg',15),
(159,7,7.90,'Kioon','/uploads/tomes/159-1751643257107.jpg',15),
(160,8,7.90,'Kioon','/uploads/tomes/160-1751643257155.jpg',15),
(161,9,7.90,'Kioon','/uploads/tomes/161-1751643257200.jpg',15),
(162,10,7.90,'Kioon','/uploads/tomes/162-1751643257244.jpg',15),
(163,11,7.90,'Kioon','/uploads/tomes/163-1751643257304.jpg',15),
(164,12,7.90,'Kioon','/uploads/tomes/164-1751643257347.jpg',15),
(165,13,7.90,'Kioon','/uploads/tomes/165-1751643257393.jpg',15),
(166,14,7.90,'Kioon','/uploads/tomes/166-1751643257434.jpg',15),
(167,15,7.90,'Kioon','/uploads/tomes/167-1751643257489.jpg',15),
(168,16,7.90,'Kioon','/uploads/tomes/168-1751643257534.jpg',15),
(169,17,7.90,'Kioon','/uploads/tomes/169-1751643257576.jpg',15),
(170,18,7.90,'Kioon','/uploads/tomes/170-1751643257618.jpg',15),
(171,19,7.90,'Kioon','/uploads/tomes/171-1751643257658.jpg',15),
(172,20,7.90,'Kioon','/uploads/tomes/172-1751643257718.jpg',15),
(173,21,7.90,'Kioon','/uploads/tomes/173-1751643257768.jpg',15),
(174,22,7.90,'Kioon','/uploads/tomes/174-1751643257821.jpg',15),
(175,23,7.90,'Kioon','/uploads/tomes/175-1751643257870.jpg',15),
(176,1,6.60,'Kioon','/uploads/mangas/tomes/41cc3099-5c48-422e-8169-f62553acf03c.jpg',16),
(177,2,6.60,'Kioon','/uploads/mangas/tomes/8f30a5f4-134b-43f0-950c-f691c6c2b8cf.jpg',16),
(178,3,6.60,'Kioon','/uploads/mangas/tomes/9b7bb980-c2f3-4d33-bad9-beaf76f98b24.jpg',16),
(179,4,6.60,'Kioon','/uploads/mangas/tomes/a26b0b3c-bcdf-4d11-bb71-25fe457c674a.jpg',16),
(180,5,6.60,'Kioon','/uploads/mangas/tomes/669fba7c-0202-4170-b6c9-14e894c8e8e6.jpg',16),
(181,6,6.60,'Kioon','/uploads/mangas/tomes/7952f37c-9856-4d86-bba7-412aa9cc7af2.jpg',16),
(182,7,6.60,'Kioon','/uploads/mangas/tomes/d6466b76-5f62-46e4-ac32-8d517017de58.jpg',16),
(183,8,6.60,'Kioon','/uploads/mangas/tomes/7b4249d7-fb18-4582-b964-e0e37fd99bf2.jpg',16),
(184,9,6.60,'Kioon','/uploads/mangas/tomes/1ac560b0-12a7-458a-b53d-bf7f4cb966ba.jpg',16),
(185,10,6.60,'Kioon','/uploads/mangas/tomes/2d4b2b3e-8db5-4f5c-a15d-07a4d0b19a44.jpg',16),
(186,11,6.60,'Kioon','/uploads/mangas/tomes/a37fd4e5-01c7-4752-8843-c5c1d09d3b07.jpg',16),
(187,12,6.60,'Kioon','/uploads/mangas/tomes/631ed8ee-c008-4c30-a2fc-a4e78a5620a0.jpg',16),
(188,13,6.60,'Kioon','/uploads/mangas/tomes/710a2bdb-cfc8-46c8-a89f-61d33c951e3e.jpg',16),
(189,14,6.60,'Kioon','/uploads/mangas/tomes/9098077a-eb8e-46da-ab48-03a24f59abb5.jpg',16),
(190,15,6.60,'Kioon','/uploads/mangas/tomes/a94e41a9-4a82-42ad-a6f1-3fd6dc174aa5.jpg',16),
(191,16,6.60,'Kioon','/uploads/mangas/tomes/46aeffb8-9407-43b1-ad99-bb975e65dd88.jpg',16),
(192,17,6.60,'Kioon','/uploads/mangas/tomes/09cd9fbb-12f4-45a1-8cac-fe1f3dab0e7c.jpg',16),
(193,18,6.60,'Kioon','/uploads/mangas/tomes/0bfb8713-3bb2-46c8-be46-2a1d71ea9fcb.jpg',16),
(194,19,6.60,'Kioon','/uploads/mangas/tomes/d883ea81-eeb0-4b15-b365-3bf0448c217b.jpg',16),
(195,20,6.60,'Kioon','/uploads/mangas/tomes/707458fb-4c3c-43b9-a487-301d34181a66.jpg',16),
(196,21,6.60,'Kioon','/uploads/mangas/tomes/8fcc10d1-2768-4039-a833-7f3a47dbf8b8.jpg',16),
(197,22,6.60,'Kioon','/uploads/mangas/tomes/8a30ee1a-eed1-44f6-a9f6-c5d25b9c3a42.jpg',16),
(198,23,6.60,'Kioon','/uploads/mangas/tomes/7c1e6838-6503-40d4-9476-bd968bb29b8b.jpg',16),
(199,1,7.65,'Kurokawa','/uploads/tomes/199-1751643257913.jpg',18),
(202,2,7.65,'Kurokawa','/uploads/tomes/202-1751643257962.jpg',18),
(203,3,7.65,'Kurokawa','/uploads/tomes/203-1751643258011.jpg',18),
(204,4,7.65,'Kurokawa','/uploads/tomes/204-1751643258054.jpg',18),
(205,5,7.65,'Kurokawa','/uploads/tomes/205-1751643258101.jpg',18),
(206,6,7.65,'Kurokawa','/uploads/tomes/206-1751643258157.jpg',18),
(207,7,7.65,'Kurokawa','/uploads/tomes/207-1751643258201.jpg',18),
(208,8,7.65,'Kurokawa','/uploads/tomes/208-1751643258246.jpg',18),
(209,9,7.65,'Kurokawa','/uploads/tomes/209-1751643258296.jpg',18),
(210,10,7.65,'Kurokawa','/uploads/tomes/210-1751643258341.jpg',18),
(211,1,8.99,'Ototo','/uploads/mangas/tomes/efa5ac17-e7cc-489d-bdba-1d54fdc3cebe.jpg',19),
(212,2,8.99,'Ototo','/uploads/mangas/tomes/8986e7b3-6b24-484b-839d-2c3799818996.jpg',19),
(213,3,8.99,'Ototo','/uploads/mangas/tomes/343601bd-4fbb-45b1-9d0f-c1218df5dbcb.jpg',19),
(214,4,8.99,'Ototo','/uploads/mangas/tomes/b599f735-1e61-4f83-ac0e-520186983813.jpg',19),
(215,5,8.99,'Ototo','/uploads/mangas/tomes/34d9a9a2-b8ee-43de-842e-78c5c5a87f3a.jpg',19),
(216,6,8.99,'Ototo','/uploads/mangas/tomes/9e179cc6-c9ba-4d8b-846e-5d8b6ccf191e.jpg',19),
(217,7,8.99,'Ototo','/uploads/mangas/tomes/2df0a7e2-c5da-4010-bbde-6ad7c9992b46.jpg',19),
(218,8,8.99,'Ototo','/uploads/mangas/tomes/4b4f821c-7dd6-4ec1-953e-a302c8f31212.jpg',19),
(219,9,8.99,'Ototo','/uploads/mangas/tomes/3456314f-016b-4f96-b8f0-2f187ee925f7.jpg',19),
(220,1,6.90,'Glénat','/uploads/tomes/220-1751643258385.jpg',21),
(221,2,6.90,'Glénat','/uploads/tomes/221-1751643258422.jpg',21),
(222,1,6.90,'Kurokawa','/uploads/mangas/tomes/012ca9ed-4ead-48cf-841d-1dc71b26b231.jpg',17),
(223,2,6.90,'Kurokawa','/uploads/mangas/tomes/2669cb07-3a8a-48ca-8875-ce02711796ba.jpg',17),
(224,3,6.90,'Kurokawa','/uploads/mangas/tomes/60ec331b-b6c4-4b3f-91d0-2a62ebc01cc5.jpg',17),
(225,4,6.90,'Kurokawa','/uploads/mangas/tomes/04814ba6-66c2-445a-844e-89022b979b29.jpg',17),
(226,5,6.90,'Kurokawa','/uploads/mangas/tomes/fffb8497-711c-4793-a5e5-cc33a12802ec.jpg',17),
(227,6,6.90,'Kurokawa','/uploads/mangas/tomes/46804bde-0439-499d-84f2-606c12529e30.jpg',17),
(228,16,6.80,'Kurokawa','/uploads/mangas/tomes/43adaf29-68f4-44df-8429-a3717b5ae9de.jpg',20),
(229,17,6.80,'Kurokawa','/uploads/mangas/tomes/6c3dd12d-57ee-4711-a108-74a5a4a5693e.jpg',20),
(230,18,6.80,'Kurokawa','/uploads/mangas/tomes/5df4544c-a7c4-4049-8603-b9363f8f289b.jpg',20),
(231,19,6.80,'Kurokawa','/uploads/mangas/tomes/56e32857-44a3-47be-928c-36c63a52c45f.jpg',20),
(232,20,6.80,'Kurokawa','/uploads/mangas/tomes/136efe4f-3212-477b-9787-e18c965ad5bb.jpg',20),
(233,21,6.80,'Kurokawa','/uploads/mangas/tomes/89942022-858f-4820-ac99-ba9b2b6c75cb.jpg',20),
(234,22,6.80,'Kurokawa','/uploads/mangas/tomes/f6597205-8a43-41d2-b7ac-daa271e72cb3.jpg',20),
(235,23,6.80,'Kurokawa','/uploads/mangas/tomes/bc5779f3-abf2-47f9-b2ed-13f0a69c20b9.jpg',20),
(236,1,10.75,'Glénat','/uploads/tomes/236-1751643258460.jpg',31),
(237,1,6.85,'Kana','/uploads/tomes/237-1751643258508.jpg',32),
(238,2,6.85,'Kana','/uploads/tomes/238-1751643258545.jpg',32),
(239,3,6.85,'Kana','/uploads/tomes/239-1751643258581.jpg',32),
(240,1,6.99,'Panini Manga','/uploads/tomes/240-1751643258790.jpg',25),
(241,2,6.99,'Panini Manga','/uploads/tomes/241-1751643258892.jpg',25),
(242,3,6.99,'Panini Manga','/uploads/tomes/242-1751643259001.jpg',25),
(243,4,6.99,'Panini Manga','/uploads/tomes/243-1751643259093.jpg',25),
(244,1,6.95,'Pika','/uploads/tomes/244-1751643259202.jpg',26),
(245,2,6.95,'Pika','/uploads/tomes/245-1751643259299.jpg',26),
(246,1,7.99,'Kaze','/uploads/tomes/246-1751643259400.jpg',27),
(247,1,6.99,'Kaze','/uploads/mangas/tomes/a377c0af-5479-4253-bc5a-4719411e3346.jpg',22),
(248,2,6.99,'Kaze','/uploads/mangas/tomes/088e16ed-77e7-4472-b37b-e99e17bc8940.jpg',22),
(249,3,6.99,'Kaze','/uploads/mangas/tomes/d83bdd59-4817-4c03-b0e4-26cc4a3dc655.jpg',22),
(250,4,6.99,'Kaze','/uploads/mangas/tomes/e9775d83-f4d1-4c1b-ba4b-452bb7cd514e.jpg',22),
(251,5,6.99,'Kaze','/uploads/mangas/tomes/1124fe66-5428-40d6-b129-feecb3ec9a5d.jpg',22),
(252,17,6.90,'Glénat','/uploads/tomes/252-1751643259513.jpg',23),
(253,1,7.50,'Doki Doki','/uploads/mangas/tomes/7a9430bc-117b-4d89-99cd-9d28db79bff5.jpg',29),
(254,1,6.95,'Pika','/uploads/tomes/254-1751643259624.jpg',24),
(255,1,7.45,'Kana','/uploads/tomes/255-1751643259737.jpg',28),
(256,1,7.50,'Pika','/uploads/tomes/256-1751643259829.jpg',30),
(257,2,7.50,'Pika','/uploads/tomes/257-1751643259921.jpg',30),
(258,1,6.95,'Pika','/uploads/mangas/tomes/346c17e3-b723-48c2-bd73-3bead6cb9c11.jpg',33),
(259,2,6.95,'Pika','/uploads/mangas/tomes/40de4a0d-9b57-4f0b-9c70-b7411a72e3c6.jpg',33),
(260,3,6.95,'Pika','/uploads/mangas/tomes/a62e4f08-bca7-4fa7-8443-6405916240f7.jpg',33),
(261,4,6.95,'Pika','/uploads/mangas/tomes/166df1c2-6c04-472d-8476-483af7321ddc.jpg',33),
(262,5,6.95,'Pika','/uploads/mangas/tomes/6385314e-174d-4b5a-b6f5-fa541c12d1e3.jpg',33),
(263,6,6.95,'Pika','/uploads/mangas/tomes/89cb9db0-8261-4ad6-a3aa-882ec9a445a0.jpg',33),
(271,7,6.95,'Pika','/uploads/mangas/tomes/89d3b9c7-590d-4cef-863a-a224839d85ee.jpg',33),
(272,8,6.95,'Pika','/uploads/mangas/tomes/5d52b328-49e5-47b8-b8c9-f57f034ffea1.jpg',33),
(273,9,6.95,'Pika','/uploads/mangas/tomes/f4788016-f5fb-4348-abad-409492c9ca3c.jpg',33),
(274,6,6.56,'Clénat','/uploads/mangas/tomes/458a943a-8285-4d85-a6d1-6444f863d6d0.jpg',9),
(275,7,6.56,'Clénat','/uploads/mangas/tomes/05b32b15-a9da-45ef-b8ac-cc962838e7ce.jpg',9),
(276,1,7.50,'Doki Doki','/uploads/tomes/276-1751643260006.jpg',34),
(277,2,7.50,'Doki Doki','/uploads/tomes/277-1751643260094.jpg',34),
(278,19,6.90,'Clénat','/uploads/tomes/278-1751643260204.jpg',11),
(279,11,7.65,'Kurokawa','/uploads/tomes/279-1751643260309.jpg',18),
(281,4,6.90,'Clénat','/uploads/mangas/tomes/6975d6d0-cfa1-44b5-b16f-dac0f51502b2.jpg',9),
(282,5,6.90,'Clénat','/uploads/mangas/tomes/885b8531-2973-4abf-891c-358eac3730e6.jpg',9),
(283,8,6.90,'Clénat','/uploads/mangas/tomes/1bdb1cc0-f31a-49c3-92fb-6be43ed62815.jpg',9),
(284,9,6.90,'Clénat','/uploads/mangas/tomes/51d864d5-b7e0-449b-bb0e-7a1369cca7f5.jpg',9),
(285,11,6.90,'Clénat','/uploads/mangas/tomes/95f1e549-e8d2-405b-b963-36329067e4f0.jpg',9),
(286,12,6.90,'Clénat','/uploads/mangas/tomes/c693c263-5680-45cf-b0d9-b274549e9adf.jpg',9),
(287,13,6.90,'Clénat','/uploads/mangas/tomes/8f9dae08-3a32-4381-9ec9-f5694df0de86.jpg',9),
(288,1,7.50,'Pika','/uploads/tomes/288-1751643260424.jpg',42),
(289,2,7.50,'Pika','/uploads/tomes/289-1751643260516.jpg',42),
(290,1,7.27,'Kurokawa','/uploads/tomes/290-1751643260600.jpg',41),
(291,1,8.20,'Pika','/uploads/mangas/tomes/39a5d90c-8409-420f-986f-c0fa318845a6.jpg',40),
(292,1,7.95,'Ki-oon','/uploads/tomes/292-1751643260697.jpg',39),
(293,14,6.56,'Clénat','/uploads/mangas/tomes/ec1b866c-d790-4418-9594-2ad9351c2f52.jpg',9),
(294,15,6.56,'Clénat','/uploads/mangas/tomes/d3b4f9a3-c55c-40d1-b91f-66d415e28290.jpg',9),
(295,16,6.56,'Clénat','/uploads/mangas/tomes/0d655050-5c25-4b0b-ae11-f80bca34a066.jpg',9),
(296,7,6.56,'Kurokawa','/uploads/mangas/tomes/0866a5f1-d6ee-4d5e-8705-344227938bd3.jpg',17),
(297,3,7.50,'Doki Doki','/uploads/tomes/297-1751643260828.jpg',34),
(298,15,7.50,'Doki Doki','/uploads/mangas/tomes/5f0b77a9-0808-41de-a72f-4d5d4c55f84f.jpg',13),
(299,2,7.65,'Kurokawa','/uploads/tomes/299-1751643260942.jpg',41),
(300,13,7.20,'Pika','/uploads/mangas/tomes/cbdaf022-2c77-4856-89cb-b88e9b2f3b67.jpg',10),
(301,24,6.46,'Kurokawa','/uploads/mangas/tomes/7238b91a-7b1d-4e60-a92e-d2ca3f5afaf6.jpg',20),
(302,1,7.51,'Kioon','/uploads/tomes/302-1751643261041.jpg',43),
(303,2,7.51,'Kioon','/uploads/tomes/303-1751643261135.jpg',43),
(304,17,6.56,'Clénat','/uploads/mangas/tomes/492c7148-61e5-43cc-ae54-99b820df4f1b.jpg',9),
(305,20,6.90,'Glénat','/uploads/tomes/305-1751643261230.jpg',11),
(306,14,7.20,'Pika','/uploads/mangas/tomes/f605781f-8820-4d3f-a396-0a214de3f8a9.jpg',10),
(307,24,6.60,'Kioon','/uploads/mangas/tomes/f568eaf9-a1be-4e9a-827b-9c3cf9dac8d7.jpg',16),
(308,25,6.60,'Kioon','/uploads/mangas/tomes/d83f873d-ee8e-406e-a225-ec300e02e745.jpg',16),
(309,26,6.60,'Kioon','/uploads/mangas/tomes/85a7282d-3d94-4fad-a705-f5aa0bfe71a8.jpg',16),
(310,27,6.60,'Kioon','/uploads/mangas/tomes/62b5d77f-c7c9-455d-86ac-d9c684f8a3d5.jpg',16),
(311,28,6.60,'Kioon','/uploads/mangas/tomes/04117058-bda8-4442-8ed8-2ea5eca41c0f.jpg',16),
(312,29,6.60,'Kioon','/uploads/mangas/tomes/0cf04b74-afe2-41f6-8157-da682d6dfb0e.jpg',16),
(313,32,6.60,'Kioon','/uploads/mangas/tomes/32999f80-d42f-4abc-942e-760a71229b84.jpg',16),
(314,30,6.60,'Kioon','/uploads/mangas/tomes/1c6291f6-b677-4a61-baa8-40847226a2b8.jpg',16),
(315,31,6.60,'Kioon','/uploads/mangas/tomes/e57d098e-cf0f-46b5-a5a7-194df071d628.jpg',16),
(316,3,6.75,'Kurokawa','/uploads/tomes/316-1751643261339.jpg',41),
(317,18,6.56,'Clénat','/uploads/mangas/tomes/18bccfcc-ef8b-46da-ab50-0b37d98637a3.jpg',9),
(318,16,7.50,'Doki Doki','/uploads/mangas/tomes/dc923558-9b42-419c-9867-c1d12db44750.jpg',13),
(319,24,7.90,'Kioon','/uploads/tomes/319-1751643261447.jpg',15),
(320,1,8.20,'Pika','/uploads/tomes/320-1751643261538.jpg',44),
(321,1,7.00,'Nobi Nobi','/uploads/mangas/tomes/d793ce77-ec83-4f3d-bd06-ee32a87e4f5f.jpg',45),
(322,5,6.99,'Panini Manga','/uploads/tomes/322-1751643261652.jpg',25),
(324,1,7.55,'Kana','/uploads/tomes/324-1751643261767.jpg',46),
(325,2,7.55,'Kana','/uploads/tomes/325-1751643261862.jpg',46),
(326,3,7.55,'Kana','/uploads/tomes/326-1751643261958.jpg',46),
(327,9,6.90,'Kurokawa','/uploads/mangas/tomes/1ced1e76-30a7-4bb4-8b7b-17ea12e5d5a9.jpg',17),
(328,2,8.20,'Pika','/uploads/tomes/328-1751643262062.jpg',44),
(329,19,6.90,'Glénat','/uploads/mangas/tomes/53037c89-f11a-4045-9811-c192db95da8c.jpg',9),
(330,10,6.95,'Pika','/uploads/mangas/tomes/8385a5f3-f5bc-491c-92de-25ee72e9bf00.jpg',33),
(331,2,7.55,'Kana','/uploads/tomes/331-1751643262183.jpg',28),
(332,3,7.55,'Kana','/uploads/tomes/332-1751643262302.jpg',28),
(333,4,7.55,'Kana','/uploads/tomes/333-1751643262401.jpg',28),
(334,21,6.90,'Glénat','/uploads/tomes/334-1751643262528.jpg',11),
(335,33,6.60,'Kioon','/uploads/mangas/tomes/6c565206-d575-4964-8597-1774de8478a3.jpg',16),
(336,8,6.90,'Kurokawa','/uploads/mangas/tomes/08bd8178-4bbc-43cd-8dbf-082d8803ea90.jpg',17),
(337,11,6.95,'Pika','/uploads/mangas/tomes/3ec4ff7b-030c-4485-9a9f-d83af709e50c.jpg',33),
(338,4,7.65,'Kurokawa','/uploads/tomes/338-1751643262637.jpg',41),
(339,20,6.90,'Glénat','/uploads/mangas/tomes/4d8162ae-fc8e-4fd8-85fa-0aadbb187827.jpg',9),
(340,12,6.95,'Pika','/uploads/mangas/tomes/73e3e6e4-6ddc-4e84-aca2-e2852e6d8ec5.jpg',33),
(341,13,6.95,'Pika','/uploads/mangas/tomes/316f26cd-296c-42cd-8257-3fb3f8f8a207.jpg',33),
(342,14,6.95,'Pika','/uploads/mangas/tomes/049c8afc-ab75-41d0-997f-92c3ae319efc.jpg',33),
(343,15,6.95,'Pika','/uploads/mangas/tomes/19eeb791-eb42-455c-8d10-2b3e57f98d64.jpg',33),
(344,16,6.95,'Pika','/uploads/mangas/tomes/e0a8b2f5-2e29-4ce7-8b50-3d0056351fb4.jpg',33),
(345,17,6.95,'Pika','/uploads/mangas/tomes/0bb11fd6-c05c-47c7-941b-49293aa7e92a.jpg',33),
(346,22,6.90,'Glénat','/uploads/tomes/346-1751643262728.jpg',11),
(347,12,7.65,'Kurokawa','/uploads/tomes/347-1751643262817.jpg',18),
(348,10,8.99,'Ototo','/uploads/mangas/tomes/a7f6c8bd-f260-401e-9809-a55cbd9637cc.jpg',19),
(349,34,6.60,'Kioon','/uploads/mangas/tomes/55e222aa-f1a6-4bf9-9993-94df0e53689e.jpg',16),
(350,5,7.65,'Kurokawa','/uploads/tomes/350-1751643262910.jpg',41),
(351,4,7.55,'Kana','/uploads/tomes/351-1751643262990.jpg',46),
(352,21,6.90,'Glénat','/uploads/mangas/tomes/fefac125-b9ff-4479-9c70-03484ed0bd32.jpg',9),
(354,2,7.20,'Nobi Nobi','/uploads/mangas/tomes/d7def5f5-72e4-4944-9d4d-217f34e06f9e.jpg',45),
(355,3,7.20,'Nobi Nobi','/uploads/mangas/tomes/c814631f-7942-471b-a5e8-e5c9beaabe91.jpg',45),
(356,4,7.20,'Nobi Nobi','/uploads/mangas/tomes/e8ec41c9-f05f-4679-8cd4-617d1b55e22d.jpg',45),
(357,17,7.50,'Doki Doki','/uploads/mangas/tomes/6babb907-63fa-4fa7-852d-f1159c9d1fcb.jpg',13),
(358,10,6.90,'Kurokawa','/uploads/mangas/tomes/9ad98792-f3bc-44e1-9e27-0f8abc48b1aa.jpg',17),
(359,18,6.95,'Pika','/uploads/mangas/tomes/6eb8571c-2275-4d78-b2ee-ecb313da2d8e.jpg',33),
(360,25,10.90,'Kurokawa','/uploads/mangas/tomes/7e12195e-2ff4-42bd-a926-db930c4bfcf3.jpg',20),
(361,2,7.50,'Doki Doki','/uploads/mangas/tomes/dff1c77a-403f-4a0e-a6ca-2d29066eddea.jpg',29),
(362,22,6.99,'Glénat','/uploads/mangas/tomes/2f87bf8b-b4e9-43d4-b5d0-3060cfba8304.jpg',9),
(363,23,6.99,'Glénat','/uploads/tomes/363-1751643263081.jpg',11),
(364,4,7.50,'Doki Doki','/uploads/tomes/364-1751643263162.jpg',34),
(365,6,7.95,'Kurokawa','/uploads/tomes/365-1751643263245.jpg',41),
(366,3,7.50,'Doki Doki','/uploads/mangas/tomes/85a6cc3e-1c94-4fb5-904c-96f7b92ee4fa.jpg',29),
(367,4,7.50,'Doki Doki','/uploads/mangas/tomes/c8bbcdc6-bcb1-456a-a0b0-2bb0e045ed97.jpg',29),
(368,5,7.20,'Nobi Nobi','/uploads/mangas/tomes/5eba3cb0-cec7-4ba8-9569-244cb87bfb35.jpg',45),
(369,25,7.95,'Kioon','/uploads/tomes/369-1751643263341.jpg',15),
(370,24,6.99,'Glénat','/uploads/tomes/370-1751643263413.jpg',11),
(372,26,7.20,'Kurokawa','/uploads/mangas/tomes/e680b1bf-c020-47ab-bde5-ca45af3a7f88.jpg',20),
(374,23,6.99,'Glénat','/uploads/mangas/tomes/5124d598-f462-41bf-bf60-dc71b9bf61fd.jpg',9),
(375,35,6.95,'Kioon','/uploads/mangas/tomes/bfc6099b-7322-4dca-bb8e-4457874823cd.jpg',16),
(376,6,6.99,'Kaze','/uploads/mangas/tomes/52edc886-71bc-4858-a781-b0d5454a3acb.jpg',22),
(377,25,6.99,'Glénat','/uploads/tomes/377-1751643263492.jpg',11),
(378,13,7.95,'Kurokawa','/uploads/tomes/378-1751643263590.jpg',18),
(379,7,6.99,'Kaze','/uploads/mangas/tomes/b4eb8f65-79b7-463e-8f34-7425dd5f5cfa.jpg',22),
(380,5,7.50,'Doki Doki','/uploads/mangas/tomes/76cecd7f-73bd-47f1-a8b0-5715fc6fce6c.jpg',29),
(381,6,7.50,'Doki Doki','/uploads/mangas/tomes/a00bbdee-6ceb-4132-81a3-84ec31583a54.jpg',29),
(382,24,6.99,'Glénat','/uploads/mangas/tomes/4565576a-cc75-4661-8193-32487ebc2b90.jpg',9),
(383,7,7.50,'Doki Doki','/uploads/mangas/tomes/c033bd7e-ac16-402e-b5d7-3e3c4faf0322.jpg',29),
(384,4,7.20,'Glénat','/uploads/tomes/384-1751643263693.jpg',4),
(385,5,7.20,'Glénat','/uploads/tomes/385-1751643263791.jpg',4),
(386,6,7.20,'Glénat','/uploads/tomes/386-1751643263893.jpg',4),
(387,7,7.20,'Glénat','/uploads/tomes/387-1751643263999.jpg',4),
(388,8,7.20,'Glénat','/uploads/tomes/388-1751643264116.jpg',4),
(389,9,7.20,'Glénat','/uploads/tomes/389-1751643264214.jpg',4),
(390,10,7.20,'Glénat','/uploads/tomes/390-1751643264312.jpg',4),
(391,1,7.29,'Delcourt/Tonkam','/uploads/tomes/391-1751643264410.jpg',47),
(392,2,7.29,'Delcourt/Tonkam','/uploads/tomes/392-1751643264503.jpg',47),
(393,3,7.29,'Delcourt/Tonkam','/uploads/tomes/393-1751643264587.jpg',47),
(394,4,7.29,'Delcourt/Tonkam','/uploads/tomes/394-1751643264677.jpg',47),
(395,5,7.29,'Delcourt/Tonkam','/uploads/tomes/395-1751643264755.jpg',47),
(396,6,7.29,'Delcourt/Tonkam','/uploads/tomes/396-1751643264831.jpg',47),
(397,7,7.29,'Delcourt/Tonkam','/uploads/tomes/397-1751643264918.jpg',47),
(398,8,7.29,'Delcourt/Tonkam','/uploads/tomes/398-1751643264999.jpg',47),
(399,9,7.29,'Delcourt/Tonkam','/uploads/tomes/399-1751643265073.jpg',47),
(400,1,8.10,'Kana','/uploads/tomes/400-1751643265160.jpg',48),
(401,2,8.10,'Kana','/uploads/tomes/401-1751643265270.jpg',48),
(402,3,8.10,'Kana','/uploads/tomes/402-1751643265377.jpg',48),
(403,4,8.10,'Kana','/uploads/tomes/403-1751643265491.jpg',48),
(404,5,8.10,'Kana','/uploads/tomes/404-1751643265599.jpg',48),
(405,6,8.10,'Kana','/uploads/tomes/405-1751643265709.jpg',48),
(406,7,8.10,'Kana','/uploads/tomes/406-1751643265808.jpg',48),
(407,8,8.10,'Kana','/uploads/tomes/407-1751643265900.jpg',48),
(408,9,8.10,'Kana','/uploads/tomes/408-1751643265997.jpg',48),
(409,10,8.10,'Kana','/uploads/tomes/409-1751643266089.jpg',48),
(410,11,8.10,'Kana','/uploads/tomes/410-1751643266180.jpg',48),
(411,12,8.10,'Kana','/uploads/tomes/411-1751643266277.jpg',48),
(412,13,8.10,'Kana','/uploads/tomes/412-1751643266928.jpg',48),
(413,14,8.10,'Kana','/uploads/tomes/413-1751643267024.jpg',48),
(414,15,8.10,'Kana','/uploads/tomes/414-1751643267125.jpg',48),
(415,16,8.10,'Kana','/uploads/tomes/415-1751643267218.jpg',48),
(416,1,7.90,'Ototo','/uploads/tomes/416-1751643267296.webp',49),
(417,2,7.90,'Ototo','/uploads/mangas/tomes/47383753-683e-4056-a394-28ce114f2081.jpeg',49),
(418,3,7.90,'Ototo','/uploads/mangas/tomes/880dc59e-1385-4a92-b926-3a7f8f7c724c.jpeg',49),
(419,4,7.90,'Ototo','/uploads/mangas/tomes/18d3faa3-1c3c-44b5-8c9e-a86c89591121.jpeg',49),
(420,5,7.90,'Ototo','/uploads/mangas/tomes/2f2dda58-2b7c-453c-8a56-3dc95dad99ee.png',49),
(421,7,7.20,'Nobi Nobi','/uploads/tomes/421-1751643267787.jpg',41),
(422,8,7.20,'Nobi Nobi','/uploads/tomes/422-1751643267866.jpg',41),
(423,9,7.20,'Nobi Nobi','/uploads/tomes/423-1751643267908.jpg',41),
(424,10,7.20,'Nobi Nobi','/uploads/tomes/424-1751643267949.jpg',41),
(425,26,7.95,'Ki-oon','/uploads/tomes/425-1751643267990.jpg',15),
(426,27,7.95,'Ki-oon','/uploads/tomes/426-1751643268035.jpg',15),
(427,28,7.95,'Ki-oon','/uploads/tomes/427-1751643268076.jpg',15),
(428,29,7.95,'Ki-oon','/uploads/tomes/428-1751643268113.jpg',15),
(429,30,7.95,'Ki-oon','/uploads/tomes/429-1751643268158.jpg',15),
(430,1,7.30,'Kana','/uploads/tomes/430-1751643268199.jpg',50),
(431,26,6.99,'Glénat','/uploads/tomes/431-1751643268241.jpg',11),
(432,1,7.20,'Glénat','/uploads/tomes/432-1751643268287.jpg',51),
(433,16,7.30,'Kana','/uploads/tomes/433-1751643268333.jpg',35),
(434,14,7.29,'Delcourt/Tonkam','/uploads/tomes/434-1751643268371.jpg',36),
(435,2,7.95,'Ki-oon','/uploads/tomes/435-1751643268567.jpg',39),
(436,1,7.65,'Kurokawa','/uploads/tomes/436-1751643268607.jpg',52),
(437,2,7.65,'Kurokawa','/uploads/tomes/437-1751643268656.jpg',52),
(438,3,7.65,'Kurokawa','/uploads/tomes/438-1751643268706.jpg',52),
(439,4,7.65,'Kurokawa','/uploads/tomes/439-1751643268748.jpg',52),
(440,5,7.65,'Kurokawa','/uploads/tomes/440-1751643268798.jpg',52),
(441,6,7.65,'Kurokawa','/uploads/tomes/441-1751643268844.jpg',52),
(442,7,7.65,'Kurokawa','/uploads/tomes/442-1751643268887.jpg',52),
(443,8,7.65,'Kurokawa','/uploads/tomes/443-1751643268933.jpg',52),
(444,9,7.65,'Kurokawa','/uploads/tomes/444-1751643268973.jpg',52),
(445,10,7.65,'Kurokawa','/uploads/tomes/445-1751643269020.jpg',52),
(446,11,7.65,'Kurokawa','/uploads/tomes/446-1751643269068.jpg',52),
(447,12,7.65,'Kurokawa','/uploads/tomes/447-1751643269107.jpg',52),
(448,14,7.95,'Kurokawa','/uploads/tomes/448-1751643269148.jpg',18),
(449,15,7.95,'Kurokawa','/uploads/tomes/449-1751643269192.jpg',18),
(450,5,7.30,'Kana','/uploads/tomes/450-1751643269234.jpg',46),
(451,1,7.20,'Pika','/uploads/tomes/451-1751643269283.jpg',53),
(452,2,7.20,'Pika','/uploads/tomes/452-1751643269343.jpg',53),
(453,3,7.20,'Pika','/uploads/tomes/453-1751643269395.jpg',53),
(454,1,7.20,'Pika','/uploads/tomes/454-1751643269497.jpg',54),
(455,2,7.20,'Pika','/uploads/tomes/455-1751643269545.jpg',54),
(456,1,7.29,'Panini','/uploads/tomes/456-1751643269593.webp',55),
(457,2,7.29,'Panini','/uploads/mangas/tomes/e08d9bc1-4ef0-424f-97e8-35e297f4bfe7.jpeg',55),
(458,3,7.29,'Panini','/uploads/tomes/458-1751643269700.jpg',55),
(459,4,7.29,'Panini','/uploads/mangas/tomes/a62246b6-2eca-45bd-9ed9-55ac2e1406ec.jpeg',55),
(461,11,8.99,'Ototo','/uploads/mangas/tomes/2f217cd8-9c38-4c77-85b8-6814e61ee43d.jpg',19),
(462,12,8.99,'Ototo','/uploads/mangas/tomes/ba3833f9-9a9f-438c-a79a-f8de9d3adeee.jpeg',19),
(463,8,6.99,'Kaze','/uploads/mangas/tomes/74ddbbd8-70a9-459e-8887-6004b7b075d8.jpg',22),
(464,9,6.99,'Kaze','/uploads/mangas/tomes/a62964e8-af95-4471-ac2b-f2ddb794e3a7.jpg',22),
(465,10,6.99,'Kaze','/uploads/mangas/tomes/312f6f5a-d454-4dfc-a7ee-893901f05bd2.jpg',22),
(466,11,6.99,'Kaze','/uploads/mangas/tomes/0c74ccc1-9e97-49dd-a79c-c5881b3ea6c0.jpg',22),
(467,12,6.99,'Kaze','/uploads/mangas/tomes/64eb1cd4-0350-41fb-aefd-a77f07db19e2.jpg',22),
(468,13,6.99,'Kaze','/uploads/mangas/tomes/05093a0a-7036-44e0-a449-1848bd27e473.jpg',22),
(469,14,6.99,'Kaze','/uploads/mangas/tomes/b62c60d3-0346-4376-90f2-4d53e7f3b046.jpg',22),
(470,15,6.99,'Kaze','/uploads/mangas/tomes/dc1f0f5a-a930-460c-a819-7f529e32aadd.jpg',22),
(471,16,6.99,'Kaze','/uploads/mangas/tomes/29bef72e-cde7-4a03-b82b-42942fe16507.jpg',22),
(472,17,6.99,'Kaze','/uploads/mangas/tomes/faae1549-50da-459c-b962-e29023002e46.jpg',22),
(473,18,6.99,'Kaze','/uploads/tomes/473-1751643269736.jpg',22),
(474,3,7.50,'Kaze','/uploads/tomes/474-1751643269774.jpg',43),
(475,4,7.50,'Kaze','/uploads/tomes/475-1751643269833.jpg',43),
(476,5,7.50,'Kaze','/uploads/tomes/476-1751643269895.jpg',43),
(477,6,7.50,'Kaze','/uploads/tomes/477-1751643269943.jpg',43),
(478,7,7.50,'Kaze','/uploads/tomes/478-1751643269988.jpg',43),
(479,8,7.50,'Kaze','/uploads/tomes/479-1751643270036.jpg',43),
(480,9,7.50,'Kaze','/uploads/tomes/480-1751643270085.jpg',43),
(481,18,7.50,'Doki Doki','/uploads/mangas/tomes/6caefd23-a5f8-4b6f-b9ee-1a741b3eb542.jpg',13),
(482,19,7.50,'Doki Doki','/uploads/mangas/tomes/e355ac22-8237-494e-82e0-a2dd72fa8a84.jpg',13),
(483,20,7.50,'Doki Doki','/uploads/tomes/483-1751643270129.jpg',13),
(484,21,7.50,'Doki Doki','/uploads/tomes/484-1751643270169.jpg',13),
(485,1,7.50,'Doki Doki','/uploads/tomes/485-1751643270212.jpg',56),
(486,36,6.60,'Ki-oon','/uploads/mangas/tomes/e72f47c1-4017-4c60-971f-1be41b1d8ae0.jpg',16),
(487,37,6.60,'Ki-oon','/uploads/mangas/tomes/fdc7fe12-2fa0-4f92-a58c-e6cfd0eeb733.jpg',16),
(488,38,6.60,'Ki-oon','/uploads/tomes/488-1751643270254.jpg',16),
(489,39,6.60,'Ki-oon','/uploads/tomes/489-1751643270296.jpg',16),
(490,40,6.60,'Ki-oon','/uploads/tomes/490-1751643270337.jpg',16),
(491,41,6.60,'Ki-oon','/uploads/tomes/491-1751643270377.jpg',16),
(492,4,7.20,'Glénat','/uploads/tomes/492-1751643270421.jpg',23),
(493,27,7.20,'Kurokawa','/uploads/mangas/tomes/ba7ba33c-cfa3-4ff1-91ef-68d293ebdf9a.jpg',20),
(494,28,7.20,'Kurokawa','/uploads/mangas/tomes/435521f0-4bee-4faa-b889-3dd678ba8936.jpg',20),
(495,29,7.20,'Kurokawa','/uploads/tomes/495-1751643270467.jpg',20),
(496,30,7.20,'Kurokawa','/uploads/tomes/496-1751643270507.jpg',20),
(497,31,10.90,'Kurokawa','/uploads/tomes/497-1751643270546.jpg',20),
(498,1,7.95,'Kurokawa','/uploads/mangas/tomes/6b079c37-02e3-4bbb-a029-5f41542067e2.jpg',37),
(499,2,7.95,'Kurokawa','/uploads/mangas/tomes/c22cd48d-d668-42ae-9649-03f00222b3c4.jpg',37),
(500,3,7.95,'Kurokawa','/uploads/mangas/tomes/ebda61d6-d400-43e2-800f-733764c22ba6.jpg',37),
(501,4,7.95,'Kurokawa','/uploads/mangas/tomes/7bdb57d5-1c14-450a-907b-0c2845618df1.jpg',37),
(502,5,7.95,'Kurokawa','/uploads/mangas/tomes/13e6f94b-b430-45ce-a808-ba9958989c2a.jpg',37),
(503,6,7.95,'Kurokawa','/uploads/mangas/tomes/9ad9b4fc-55d0-4fc6-9ebb-e30596a44ca2.jpg',37),
(504,7,7.95,'Kurokawa','/uploads/mangas/tomes/fbc94499-1511-4857-85c3-813041b74ac8.jpg',37),
(505,8,7.95,'Kurokawa','/uploads/mangas/tomes/84fac70a-ac12-43d9-9531-27abd8eb5771.jpg',37),
(506,9,7.95,'Kurokawa','/uploads/mangas/tomes/1bc05704-9d17-4b9c-b962-c54c1acd471b.jpg',37),
(507,10,7.95,'Kurokawa','/uploads/tomes/507-1751643270590.jpg',37),
(508,11,7.95,'Kurokawa','/uploads/mangas/tomes/b7eda4a8-2cf6-4517-9a42-c8c437532406.jpeg',37),
(509,12,7.95,'Kurokawa','/uploads/tomes/509-1751643270628.jpg',37),
(510,13,7.95,'Kurokawa','/uploads/tomes/510-1751643270668.jpg',37),
(511,14,7.95,'Kurokawa','/uploads/tomes/511-1751643270713.jpg',37),
(512,3,7.50,'Pika','/uploads/tomes/512-1751643270751.jpg',42),
(513,4,7.50,'Pika','/uploads/tomes/513-1751643270796.jpg',42),
(514,11,6.90,'Kurokawa','/uploads/mangas/tomes/ed962289-4b28-4ab8-a5fa-b3c254923c9b.jpg',17),
(515,12,6.90,'Kurokawa','/uploads/tomes/515-1751643270838.jpg',17),
(516,13,6.90,'Kurokawa','/uploads/tomes/516-1751643270892.jpg',17),
(517,14,6.90,'Kurokawa','/uploads/tomes/517-1751643270931.jpg',17),
(518,6,7.20,'Nobi Nobi','/uploads/mangas/tomes/ce273bcc-7659-4834-a0d7-c90b1d2c3eae.jpg',45),
(519,7,7.20,'Nobi Nobi','/uploads/mangas/tomes/c5ac2b89-5e19-47e7-b540-fc3a4fd64bb7.jpg',45),
(520,8,7.20,'Nobi Nobi','/uploads/mangas/tomes/dfb6a9c2-faeb-4ca0-a9da-8ba7d69ce0b2.jpg',45),
(521,9,7.20,'Nobi Nobi','/uploads/mangas/tomes/da622250-f591-4b41-a521-c1ca6a66924a.jpg',45),
(522,10,7.20,'Nobi Nobi','/uploads/mangas/tomes/bc581d0c-c503-4563-819c-274464d812ab.jpg',45),
(523,11,7.20,'Nobi Nobi','/uploads/tomes/523-1751643270970.jpg',45),
(524,12,7.20,'Nobi Nobi','/uploads/tomes/524-1751643271013.jpg',45),
(525,13,7.20,'Nobi Nobi','/uploads/tomes/525-1751643271054.jpg',45),
(526,19,6.95,'Pika','/uploads/mangas/tomes/3de33a2f-12e3-4248-a8c3-494ccf36896f.jpg',33),
(527,20,6.95,'Pika','/uploads/tomes/527-1751643271100.jpg',33),
(528,21,6.95,'Pika','/uploads/tomes/528-1751643271139.jpg',33),
(529,1,3.00,'Pika','/uploads/tomes/529-1751643271188.jpg',38),
(530,2,3.00,'Pika','/uploads/tomes/530-1751643271235.jpg',38),
(531,25,6.56,'Clénat','/uploads/mangas/tomes/22a70e03-386e-4184-b5a1-1f286e3e7347.jpg',9),
(532,26,6.56,'Clénat','/uploads/mangas/tomes/c8c4b09e-1dad-473b-bdfb-3f1dea0f1ada.jpg',9),
(533,27,6.56,'Clénat','/uploads/mangas/tomes/ab854531-a00d-415c-b860-481fc8ab0341.jpg',9),
(534,28,6.56,'Clénat','/uploads/mangas/tomes/d72e3ad1-1511-48ce-be5d-9294170ee427.jpg',9),
(535,29,6.56,'Clénat','/uploads/tomes/535-1751643271286.jpg',9),
(536,30,6.56,'Clénat','/uploads/tomes/536-1751643271327.jpg',9),
(537,31,6.56,'Clénat','/uploads/tomes/537-1751643271365.jpg',9),
(538,2,8.20,'Pika','/uploads/mangas/tomes/71b2782f-fc86-4ee7-828d-325edd8713e6.jpg',40),
(539,3,8.20,'Pika','/uploads/mangas/tomes/1fc9c07f-f929-4b12-9d7f-9cc4aa93d4e3.jpg',40),
(540,4,8.20,'Pika','/uploads/mangas/tomes/f692db37-1caf-45c9-9d2c-bc347700cdf2.jpg',40),
(541,5,8.20,'Pika','/uploads/mangas/tomes/5fa928ee-5765-4168-9193-d3360fcf0521.jpg',40),
(542,6,8.20,'Pika','/uploads/mangas/tomes/22213476-cbcc-4db2-b7ac-136dacd9b594.jpg',40),
(543,7,8.20,'Pika','/uploads/tomes/543-1751643271405.jpg',40),
(544,5,7.50,'Doki Doki','/uploads/tomes/544-1751643271446.jpg',34),
(545,2,15.90,'Kana','/uploads/tomes/545-1751643271486.jpg',57),
(546,3,15.90,'Kana','/uploads/tomes/546-1751643271528.jpg',57),
(547,4,15.90,'Kana','/uploads/tomes/547-1751643271578.jpg',57),
(548,5,15.90,'Kana','/uploads/tomes/548-1751643271620.jpg',57),
(549,1,15.90,'Kana','/uploads/tomes/549-1751643271695.jpg',57),
(550,22,7.20,'Pika','/uploads/tomes/550-1751643271739.jpg',33);
/*!40000 ALTER TABLE `Tome` ENABLE KEYS */;
UNLOCK TABLES;

--
-- Table structure for table `User`
--

DROP TABLE IF EXISTS `User`;
/*!40101 SET @saved_cs_client     = @@character_set_client */;
/*!40101 SET character_set_client = utf8mb4 */;
CREATE TABLE `User` (
  `id` int(11) NOT NULL AUTO_INCREMENT,
  `username` varchar(50) NOT NULL,
  `password` varchar(255) NOT NULL,
  `userlogo` varchar(255) DEFAULT NULL,
  `isadmin` tinyint(1) NOT NULL DEFAULT 0,
  PRIMARY KEY (`id`),
  UNIQUE KEY `User_username_key` (`username`)
) ENGINE=InnoDB AUTO_INCREMENT=7 DEFAULT CHARSET=utf8mb4 COLLATE=utf8mb4_uca1400_ai_ci;
/*!40101 SET character_set_client = @saved_cs_client */;

--
-- Dumping data for table `User`
--

LOCK TABLES `User` WRITE;
/*!40000 ALTER TABLE `User` DISABLE KEYS */;
INSERT INTO `User` VALUES
(4,'admin','$2b$10$/9ztBGiE3Vps42ZXqbWdaO61inB4QkRYdfrCki8d1XLUiHFX/DATu',NULL,1), -- password: password123
(5,'guest','$2b$10$/9ztBGiE3Vps42ZXqbWdaO61inB4QkRYdfrCki8d1XLUiHFX/DATu',NULL,0); -- password: password123
/*!40000 ALTER TABLE `User` ENABLE KEYS */;
UNLOCK TABLES;

--
-- Dumping routines for database 'yomikai'
--
/*!40103 SET TIME_ZONE=@OLD_TIME_ZONE */;

/*!40101 SET SQL_MODE=@OLD_SQL_MODE */;
/*!40014 SET FOREIGN_KEY_CHECKS=@OLD_FOREIGN_KEY_CHECKS */;
/*!40014 SET UNIQUE_CHECKS=@OLD_UNIQUE_CHECKS */;
/*!40101 SET CHARACTER_SET_CLIENT=@OLD_CHARACTER_SET_CLIENT */;
/*!40101 SET CHARACTER_SET_RESULTS=@OLD_CHARACTER_SET_RESULTS */;
/*!40101 SET COLLATION_CONNECTION=@OLD_COLLATION_CONNECTION */;
/*M!100616 SET NOTE_VERBOSITY=@OLD_NOTE_VERBOSITY */;

-- Dump completed on 2025-07-10 21:32:16
